nombre,sku,tipo,cantidad,ubicacion,notas,atributos
Cepillo Nylon · Estado Desconocido,CNI-0006,descontinuado,1467,A2,,
"Cepillo Nylon · Color de Cerda de Cepillo Negro · Estado Reciclado · Grosor cerda 5""",CNI-0001,descontinuado,25000,A2,,"Color de Cerda de Cepillo=Negro;Grosor cerda=5"""
"Cepillo Nylon · Color de Cerda de Cepillo Negro · Estado Reciclado · Forma de cepillo nylon Pino · Grosor cerda 5""",CNI-0014,descontinuado,11000,A2,,"Color de Cerda de Cepillo=Negro;Forma de cepillo nylon=Pino;Grosor cerda=5"""
Cepillo Silicon · Estado Reciclado · Forma de cepillo silicon Peine,CSI-0003,descontinuado,4698,B2,,Forma de cepillo silicon=Peine
Vastago · Altura de Vastago 29mm · Color de Vastago Blanco · Tamaño rosca 13mm · Tipo de Vastago Externo,VST-0014,descontinuado,27000,H3,,Altura de Vastago=29mm;Color de Vastago=Blanco;Tamaño rosca=13mm;Tipo de Vastago=Externo
Taparrosca · Altura de Taparrosca 38mm · Tamaño rosca 13mm,TPR-0016,descontinuado,6000,I3,,Altura de Taparrosca=38mm;Tamaño rosca=13mm
Vastago · Altura de Vastago 82mm · Color de Vastago Negro · Punta Nylon · Tamaño rosca 15mm · Tipo de Vastago Sin rosca,VST-0023,descontinuado,18000,J2,,Altura de Vastago=82mm;Color de Vastago=Negro;Punta=Nylon;Tamaño rosca=15mm;Tipo de Vastago=Sin rosca
Vastago · Altura de Vastago 29mm · Color de Vastago Blanco · Tamaño rosca 13mm · Tipo de Vastago Externo,VST-0014,descontinuado,15874,J2,,Altura de Vastago=29mm;Color de Vastago=Blanco;Tamaño rosca=13mm;Tipo de Vastago=Externo
Vastago · Altura de Vastago 82mm · Color de Vastago Transparente · Punta Nylon · Tamaño rosca 15mm · Tipo de Vastago Casquillo,VST-0022,descontinuado,4000,N2,,Altura de Vastago=82mm;Color de Vastago=Transparente;Punta=Nylon;Tamaño rosca=15mm;Tipo de Vastago=Casquillo
Vastago · Altura de Vastago 82mm · Color de Vastago Negro · Punta Nylon · Tamaño rosca 15mm · Tipo de Vastago Casquillo,VST-0021,descontinuado,16000,N2,,Altura de Vastago=82mm;Color de Vastago=Negro;Punta=Nylon;Tamaño rosca=15mm;Tipo de Vastago=Casquillo
"Sobretapa Con Vastago y Cepillo (SVC) (10, 44, negro, normal, sin logo, 29, nuevo, blanco, recto, nylon, negra, 5)",,subensamble,2320,D1,,
"Sobretapa Con Vastago y Cepillo (SVC) (15, 40, azul cielo, normal, sin logo, 82, nuevo, negro, pino, nylon, negra, 5)",,subensamble,1382,D1,,
"Vastago con Cepillo (VC) (15, 82, normal, transparente, bala, nylon, negra, 5)",,subensamble,500,D1,,
"Vastago con Cepillo (VC) (15, 82, normal, transparente, bala, nylon, negra, 5)",,subensamble,1000,J2,,
"Vastago con Cepillo (VC) (10, 82, normal, transparente, bala, nylon, transparente, 5)",,subensamble,500,D1,,
"Vastago con Cepillo (VC) (15, 60, normal, negro, bala, nylon, negra, 5)",,subensamble,800,D1,,
"Vastago con Cepillo (VC) (15, 82, casquillo, negro, bala, nylon, negra, 5)",,subensamble,1649,D1,,
"Vastago con Cepillo (VC) (15, 82, normal, transparente, pino, nylon, transparente, 4)",,subensamble,1987,D1,,
"Vastago con Cepillo (VC) (15, 82, normal, negro, pino, nylon, negra, 4)",,subensamble,2000,D1,,
"Vastago con Cepillo (VC) (15, 82, normal, negro, pino, nylon, negra, 4)",,subensamble,5476,G1,,
"Sobretapa Con Vastago y Cepillo (SVC) (15, 40, negro, normal, sin logo, 82, nuevo, negro, bala, nylon, negra, 4)",,subensamble,2802,G1,,
"Sobretapa Con Vastago y Cepillo (SVC) (15, 40, negro, normal, sin logo, 82, nuevo, negro, cacahuate, nylon, negra, 5)",,subensamble,3000,G1,,
"Tapa con Vastago Sin Rosca y Cepillo (15, 38, negro, normal, 62, negro, pino, nylon, negra, 5)",,subensamble,1101,H1,,
"Vastago con Cepillo (VC) (15, 82, normal, negro, cacahuate, nylon, negra, 5)",,subensamble,2118,H1,,
"Vastago con Cepillo (VC) (15, 82, normal, transparente, pino, nylon, transparente, 5)",,subensamble,100,J2,,
"Sobretapa Con Vastago y Cepillo (SVC) (15, 40, negro, normal, sin logo, 82, nuevo, negro, balita, nylon, negra, 5)",,subensamble,210,J2,,
"Sobretapa Con Vastago y Cepillo (SVC) (15, 40, gris 134, normal, sin logo, 82, nuevo, negro, pino, nylon, negra, 5)",,subensamble,250,J2,,
"Tapa con Vastago Sin Rosca (13, 44, blanco, normal, 21, blanco, chico, perforar)",,subensamble,280,J2,,
"Sobretapa Con Vastago y Cepillo (SVC) (15, 40, fiusha, normal, sin logo, 82, nuevo, negro, bala, nylon, transparente, 5)",,subensamble,300,J2,,
"Sobretapa Con Vastago y Cepillo (SVC) (15, 40, naranja barradas, normal, sin logo, 82, nuevo, negro, barril, silicon, NA, NA)",,subensamble,370,J2,,
"Tapa con Vastago Sin Rosca (13, 44, blanco, normal, 29, negro, chico, perforar)",,subensamble,454,J2,,
"Tapa con Vastago Sin Rosca (13, 30, negro, normal, 35, blanco, chico, perforar)",,subensamble,670,J2,,
"Vastago con Cepillo (VC) (15, 82, casquillo, negro, pino, nylon, negra, 5)",,subensamble,900,J2,,
"Vastago con Cepillo (VC) (15, 82, normal, negro, espiral, silicon, NA, NA)",,subensamble,1038,J2,,
"Vastago con Cepillo (VC) (15, 82, normal, negro, bala largo, nylon, negra, 5)",,subensamble,1059,J2,,
"Tapa con Vastago Sin Rosca y Cepillo (15, 38, rojo, normal, 82, negro, pino, nylon, negra, 5)",,subensamble,1064,J2,,
"Tapa con Vastago Sin Rosca (13, 30, blanco, normal, 35, blanco, chico, perforar)",,subensamble,1324,J2,,
"Tapa con Vastago Sin Rosca (13, 30, blanco, normal, 29, negro, chico, perforar)",,subensamble,1480,J2,,
"Vastago con Cepillo (VC) (15, 82, sin rosca, negro, pino, nylon, negra, 5)",,subensamble,8057,J2,,
"Sobretapa Con Vastago y Cepillo (SVC) (15, 40, cafe prosa, normal, sin logo, 60, nuevo, negro, pino, nylon, negra, 5)",,subensamble,832,M2,,
"Vastago con Cepillo (VC) (15, 82, normal, transparente, pino, nylon, negra, 5)",,subensamble,100,J2,,
"Sobretapa Con Vastago (10, 44, negro, normal, sin logo, 70, negro, delineador)",,subensamble,22500,D1,,
"Sobretapa Con Vastago (15, 40, lila, normal, sin logo, 82, negro, nylon)",,subensamble,1924,D1,,
"Sobretapa Con Vastago (15, 40, negro, normal, sin logo, 82, negro, nylon)",,subensamble,1000,D1,,
"Sobretapa Con Vastago (10, 44, negro, normal, sin logo, 29, blanco, nylon)",,subensamble,2000,D1,,
"Sobretapa Con Vastago (15, 40, naranja barradas, normal, sin logo, 82, transparente, nylon)",,subensamble,100,J2,,
"Sobretapa Con Vastago (15, 40, cafe prosa, normal, sin logo, 60, negro, nylon)",,subensamble,3000,M2,,
"Sobretapa Con Vastago y Cepillo (SVC) (15, 40, amarillo keratina, normal, sin logo, 82, nuevo, negro, bala, nylon, negra, 4)",,subensamble,200,G1,,
"Sobretapa Con Vastago y Cepillo (SVC) (15, 40, naranja barradas, normal, sin logo, 82, nuevo, negro, bala, nylon, negra, 4)",,subensamble,500,G1,,
"Vastago con Cepillo (VC) (15, 60, normal, negro, pino, nylon, negra, 5.75)",,subensamble,13569,M2,,
"Vastago con Punta (VP) (10, 70, normal, negro, delineador)",,subensamble,19866,D1,,
"Vastago con Cepillo (VC) (15, 82, normal, negro, bolita, silicon, NA, NA)",,subensamble,3000,PPG/Almacen,,
"Vastago con Cepillo (VC) (15, 82, normal, negro, bala, nylon, negra, 5)",,subensamble,280,PPG/Almacen,,
"Vastago con Cepillo (VC) (15, 82, normal, negro, balita, nylon, negra, 5)",,subensamble,33,PPG/Almacen,,
"Vastago con Gloss (10, 43, normal, blanco)",,subensamble,5000,PPG/Almacen,,
"Vastago con Cepillo (VC) (15, 82, normal, negro, cacahuate, nylon, negra, 5)",,subensamble,3000,PPG/Almacen,,
"Sobretapa Con Vastago y Punta (SVP) (10, 44, negro, normal, 70, negro, delineador)",,subensamble,9000,Embarque,,
"Vastago con Cepillo (VC) (15, 82, normal, negro, pino, nylon, negra, 5)",,subensamble,3000,PPG/Almacen,,
"Sobretapa Con Vastago y Cepillo (SVC) (15, 40, rojo jorge diaz, normal, sin logo, 82, viejo, negro, bolita, silicon, NA, NA)",,subensamble,10000,PPG/Almacen,,
"Sobretapa Con Vastago y Punta (SVP) (10, 44, blanco, normal, 74, negro, lip gloss)",,subensamble,50,PPG/Almacen,,
"Sobretapa Con Vastago y Punta (SVP) (10, 44, negro, normal, 70, negro, delineador)",,subensamble,100,PPG/Almacen,,
