"Ubicación","SKU","Producto / Variante","Cantidad"
"A1","P0008-0002","Caja Cartón · Tamaño de Caja de Cartón Grande","112"
"A1","CNI-0005","Cepillo Nylon · Estado Nuevo","26189"
"A1","CNI-0011","Cepillo Nylon · Color de Cerda de Cepillo Negro · Estado Nuevo · Grosor cerda 5.75""","950"
"A2","CNI-0018","Cepillo Nylon · Color de Cerda de Cepillo Negro · Estado Nuevo · Forma de cepillo nylon Pino delgado · Grosor cerda 5""","57266"
"A2","CNI-0016","Cepillo Nylon · Color de Cerda de Cepillo Negro · Estado Nuevo · Forma de cepillo nylon Pino mini · Grosor cerda 5""","7450"
"A2","CNI-0006","Cepillo Nylon · Estado Desconocido","1467"
"A2","CNI-0009","Cepillo Nylon · Estado Nuevo","21850"
"A2","CNI-0011","Cepillo Nylon · Color de Cerda de Cepillo Negro · Estado Nuevo · Grosor cerda 5.75""","44802"
"A2","CNI-0020","Cepillo Nylon · Color de Cerda de Cepillo Transparente · Estado Nuevo · Forma de cepillo nylon Pino","4353"
"A2","CNI-0021","Cepillo Nylon · Color de Cerda de Cepillo Negro · Estado Nuevo · Medidas 5x27.5","2400"
"A2","CNI-0022","Cepillo Nylon · Color de Cerda de Cepillo Negro · Estado Nuevo · Medidas 8.75x22.25","8000"
"A2","CNI-0023","Cepillo Nylon · Color de Cerda de Cepillo Negro · Estado Nuevo · Medidas 8x23","78509"
"A2","CNI-0013","Cepillo Nylon · Color de Cerda de Cepillo Negro · Estado Nuevo · Forma de cepillo nylon Pino · Grosor cerda 4""","3263"
"A2","CNI-0001","Cepillo Nylon · Color de Cerda de Cepillo Negro · Estado Reciclado · Grosor cerda 5""","25000"
"A2","CNI-0002","Cepillo Nylon · Color de Cerda de Cepillo Negro · Estado Nuevo · Grosor cerda 4""","56438"
"A2","CNI-0014","Cepillo Nylon · Color de Cerda de Cepillo Negro · Estado Reciclado · Forma de cepillo nylon Pino · Grosor cerda 5""","11000"
"A2","P0014-0001","Palillo","328714"
"AA","BOT-0031","Botella · Altura de Botella 80mm · Color de Botella Cromado azul · Cuello Corto · Tamaño rosca 15mm · Tipo de Botella Normal","164"
"AA","BOT-0032","Botella · Altura de Botella 80mm · Color de Botella Cromado rosa · Cuello Corto · Tamaño rosca 15mm · Tipo de Botella Normal","167"
"AA","BOT-0033","Botella · Altura de Botella 80mm · Color de Botella Cromado oro · Cuello Corto · Tamaño rosca 15mm · Tipo de Botella Normal","224"
"AA","BOT-0034","Botella · Altura de Botella 80mm · Color de Botella Cromado plata · Cuello Corto · Tamaño rosca 15mm · Tipo de Botella Normal","243"
"AA","TRN-00001","Punta Tratamiento · Tipo de Punta Tratamiento nocturno","55205"
"AA","TPR-0048","Taparrosca · Color de Taparrosca Plata cromada · Forma de Taparrosca Rebeca · Tamaño rosca 13mm","385"
"B2","CNI-0017","Cepillo Nylon · Color de Cerda de Cepillo Transparente · Estado Nuevo · Forma de cepillo nylon Pino · Grosor cerda 5""","10680"
"B2","CNI-0010","Cepillo Nylon · Color de Cerda de Cepillo Negro · Estado Nuevo · Grosor cerda 5""","9000"
"B2","CNI-0019","Cepillo Nylon · Color de Cerda de Cepillo Negro · Estado Nuevo · Forma de cepillo nylon Pino","140218"
"B2","CNI-0004","Cepillo Nylon · Color de Cerda de Cepillo Transparente · Estado Nuevo · Grosor cerda 5""","31311"
"B2","CNI-0003","Cepillo Nylon · Color de Cerda de Cepillo Negro · Estado Nuevo · Grosor cerda 5""","84198"
"B2","CNI-0024","Cepillo Nylon · Color de Cerda de Cepillo Transparente · Estado Nuevo · Medidas 8x23","5468"
"B2","CSI-0006","Cepillo Silicon · Estado Nuevo · Forma de cepillo silicon Cacahuate","119210"
"B2","CSI-0003","Cepillo Silicon · Estado Reciclado · Forma de cepillo silicon Peine","4698"
"B2","CSI-0002","Cepillo Silicon · Estado Nuevo · Forma de cepillo silicon Espiral","46005"
"B2","CSI-0004","Cepillo Silicon · Estado Nuevo · Forma de cepillo silicon Peine","64995"
"C1","P0001-0001","Alambre Acero Inoxidable","12"
"C1","P0003-0001","Alambre Kola Loka","1"
"C2","CERD-0004","Cerda · Color de Cerda de Cepillo Negro · Grosor cerda 0.004""","0.82"
"C2","CERD-0006","Cerda · Grosor cerda 0.00575""","111.96"
"C3","CERD-0003","Cerda · Color de Cerda de Cepillo Transparente · Grosor cerda 0.003""","33.28"
"C3","CERD-0001","Cerda · Color de Cerda de Cepillo Negro · Grosor cerda 0.0025""","35.46"
"C3","CERD-0005","Cerda · Color de Cerda de Cepillo Transparente · Grosor cerda 0.005""","43.47"
"C4","P0002-0001","Alambre Ensartado","3"
"C4","P0012-0001","Grapas","3"
"C5","CERD-0002","Cerda · Color de Cerda de Cepillo Transparente · Grosor cerda 0.0025""","13.6"
"C5","CERD-0001","Cerda · Color de Cerda de Cepillo Negro · Grosor cerda 0.0025""","97.94"
"C6","CSI-0005","Cepillo Silicon · Estado Nuevo · Forma de cepillo silicon Balita","2970"
"C6","CSI-0001","Cepillo Silicon · Estado Nuevo · Forma de cepillo silicon Pino","16000"
"C6","CSI-0008","Cepillo Silicon · Estado Nuevo · Forma de cepillo silicon Barril grueso","3500"
"C6","CSI-0007","Cepillo Silicon · Estado Nuevo · Forma de cepillo silicon Barril","364963"
"C6","LGL-00003","Punta Lip Gloss · Tipo de Punta Punta lip gloss tipo hoja","5000"
"C6","LGL-00002","Punta Lip Gloss · Tipo de Punta Punta lip gloss grande","5000"
"C6","LGL-00001","Punta Lip Gloss · Tipo de Punta Punta lip gloss","109801"
"D1","CNI-0005","Cepillo Nylon · Estado Nuevo","8651"
"D1","CNI-0008","Cepillo Nylon · Color de Cerda de Cepillo Transparente · Estado Nuevo","277044"
"D1","CNI-0004","Cepillo Nylon · Color de Cerda de Cepillo Transparente · Estado Nuevo · Grosor cerda 5""","2487"
"D1","CNI-0007","Cepillo Nylon · Color de Cerda de Cepillo Negro · Estado Nuevo","134400"
"D1","CNI-0025","Cepillo Nylon · Color de Cerda de Cepillo Negro · Estado Nuevo · Medidas 6x12","11430"
"D1","CNI-0026","Cepillo Nylon · Color de Cerda de Cepillo Negro · Estado Nuevo · Medidas Mini","6300"
"D1","P0014-0009","Palillo · Color de Palillo Rosa","35000"
"D1","DPL-00001","Punta Delineador · Tipo de Punta Delineador","19866"
"D1","STP-0010","Sobretapa · Altura de Sobretapa 40mm · Color de Sobretapa Negro · Forma de Sobretapa Normal · Logo Sin logo · Tamaño rosca 15mm","1382"
"D1","STP-0001","Sobretapa · Altura de Sobretapa 44mm · Color de Sobretapa Negro · Forma de Sobretapa Normal · Tamaño rosca 10mm","2320"
"D1","STP-0009","Sobretapa · Altura de Sobretapa 44mm · Color de Sobretapa Rosa 0708 · Forma de Sobretapa Normal · Tamaño rosca 10mm","500"
"D1","VST-0010","Vastago · Altura de Vastago 70mm · Tamaño rosca 10mm · Tipo de Vastago Delineador","19866"
"D1","VST-0016","Vastago · Altura de Vastago 60mm · Color de Vastago Negro · Tamaño rosca 15mm","800"
"D1","VST-0019","Vastago · Altura de Vastago 82mm · Color de Vastago Blanco · Punta Gloss · Tamaño rosca 15mm · Tipo de Vastago Normal","9000"
"D1","VST-0004","Vastago · Altura de Vastago 29mm · Color de Vastago Blanco · Punta Delineador · Tamaño rosca 10mm","2320"
"D1","VST-0020","Vastago · Altura de Vastago 82mm · Color de Vastago Blanco · Punta Delineador · Tamaño rosca 15mm · Tipo de Vastago Normal","7518"
"D2","TPR-0032","Taparrosca · Altura de Taparrosca 38mm · Color de Taparrosca Amatista · Tamaño rosca 15mm · Tipo de Taparrosca Yadis","336"
"D2","TPR-0033","Taparrosca · Altura de Taparrosca 38mm · Color de Taparrosca Menta · Tamaño rosca 15mm · Tipo de Taparrosca Yadis","2223"
"D2","TPR-0034","Taparrosca · Altura de Taparrosca 38mm · Color de Taparrosca Morado satin · Tamaño rosca 15mm · Tipo de Taparrosca Yadis","500"
"D2","TPR-0035","Taparrosca · Altura de Taparrosca 38mm · Color de Taparrosca Orquidea · Tamaño rosca 15mm · Tipo de Taparrosca Yadis","1114"
"D2","TPR-0037","Taparrosca · Altura de Taparrosca 38mm · Color de Taparrosca Sara · Tamaño rosca 15mm · Tipo de Taparrosca Yadis","380"
"D2","TPR-0038","Taparrosca · Altura de Taparrosca 38mm · Color de Taparrosca Tutifruti · Tamaño rosca 15mm · Tipo de Taparrosca Yadis","5500"
"D2","TPR-0039","Taparrosca · Altura de Taparrosca 38mm · Color de Taparrosca Vegas · Tamaño rosca 15mm · Tipo de Taparrosca Yadis","900"
"D2","TPR-0040","Taparrosca · Altura de Taparrosca 38mm · Color de Taparrosca Vino · Tamaño rosca 15mm · Tipo de Taparrosca Yadis","1000"
"D2","TPR-0041","Taparrosca · Altura de Taparrosca 38mm · Color de Taparrosca Watermelon · Tamaño rosca 15mm · Tipo de Taparrosca Yadis","1000"
"D2","TPR-0036","Taparrosca · Altura de Taparrosca 38mm · Color de Taparrosca Rosa glither · Tamaño rosca 15mm · Tipo de Taparrosca Yadis","500"
"D2","TPR-0026","Taparrosca · Altura de Taparrosca 38mm · Color de Taparrosca Negro · Tamaño rosca 15mm · Tipo de Taparrosca Yadis","39000"
"D2","TPR-0031","Taparrosca · Altura de Taparrosca 38mm · Color de Taparrosca Blanco · Tamaño rosca 15mm · Tipo de Taparrosca Yadis","18000"
"E1","ESC-0007","Escurridor · Agujero de Escurridor Chico · Altura de Escurridor 16mm · Color de Escurridor Transparente · Tamaño rosca 15mm · Versión del vástago Nuevo","101500"
"E1","ESC-0001","Escurridor · Agujero de Escurridor Chico · Altura de Escurridor 13mm · Color de Escurridor Negro · Tamaño rosca 10mm","361430"
"E1","ESC-0004","Escurridor · Agujero de Escurridor Grande · Altura de Escurridor 13mm · Color de Escurridor Transparente · Tamaño rosca 10mm","31932"
"E1","ESC-0005","Escurridor · Agujero de Escurridor Chico · Altura de Escurridor 16mm · Color de Escurridor Negro · Tamaño rosca 15mm · Versión del vástago Viejo","11500"
"E1","ESC-0002","Escurridor · Agujero de Escurridor Chico · Altura de Escurridor 13mm · Color de Escurridor Transparente · Tamaño rosca 10mm","46250"
"E1","ESC-0003","Escurridor · Agujero de Escurridor Grande · Altura de Escurridor 13mm · Color de Escurridor Negro · Tamaño rosca 10mm","174900"
"E1","ESC-0009","Escurridor · Agujero de Escurridor Grande · Altura de Escurridor 16mm · Color de Escurridor Transparente · Tamaño rosca 15mm · Versión del vástago Nuevo","82859"
"E2","STP-0023","Sobretapa · Altura de Sobretapa 40mm · Color de Sobretapa Gris 2170 · Forma de Sobretapa Normal · Logo Sin logo · Tamaño rosca 15mm","25"
"E2","STP-0021","Sobretapa · Altura de Sobretapa 40mm · Color de Sobretapa Rojo jorge diaz · Forma de Sobretapa Normal · Logo Sin logo · Tamaño rosca 15mm","4000"
"E2","STP-0010","Sobretapa · Altura de Sobretapa 40mm · Color de Sobretapa Negro · Forma de Sobretapa Normal · Logo Sin logo · Tamaño rosca 15mm","12470"
"E2","STP-0005","Sobretapa · Altura de Sobretapa 44mm · Color de Sobretapa Rosa lili · Forma de Sobretapa Normal · Tamaño rosca 10mm","10000"
"E2","STP-0025","Sobretapa · Altura de Sobretapa 40mm · Color de Sobretapa Steel green · Forma de Sobretapa Normal · Logo Sin logo · Tamaño rosca 15mm","3000"
"E2","STP-0024","Sobretapa · Altura de Sobretapa 40mm · Color de Sobretapa Azul cielo · Forma de Sobretapa Normal · Logo Sin logo · Tamaño rosca 15mm","4500"
"E2","STP-0022","Sobretapa · Altura de Sobretapa 40mm · Color de Sobretapa Naranja rohs 52622 · Forma de Sobretapa Normal · Logo Sin logo · Tamaño rosca 15mm","840"
"E2","STP-0020","Sobretapa · Altura de Sobretapa 40mm · Color de Sobretapa Verde t5g1878 · Forma de Sobretapa Normal · Logo Sin logo · Tamaño rosca 15mm","7000"
"E2","STP-0019","Sobretapa · Altura de Sobretapa 40mm · Color de Sobretapa Verde barradas · Forma de Sobretapa Normal · Logo Sin logo · Tamaño rosca 15mm","2000"
"E2","STP-0017","Sobretapa · Altura de Sobretapa 40mm · Color de Sobretapa Naranja barradas · Forma de Sobretapa Normal · Logo Sin logo · Tamaño rosca 15mm","5500"
"E2","STP-0016","Sobretapa · Altura de Sobretapa 40mm · Color de Sobretapa Fiusha · Forma de Sobretapa Normal · Logo Sin logo · Tamaño rosca 15mm","7000"
"E2","STP-0015","Sobretapa · Altura de Sobretapa 40mm · Color de Sobretapa Gris 134 · Forma de Sobretapa Normal · Logo Sin logo · Tamaño rosca 15mm","480"
"E2","STP-0014","Sobretapa · Altura de Sobretapa 40mm · Color de Sobretapa Azul barradas · Forma de Sobretapa Normal · Logo Sin logo · Tamaño rosca 15mm","200"
"E2","STP-0013","Sobretapa · Altura de Sobretapa 40mm · Color de Sobretapa Amarillo keratina · Forma de Sobretapa Normal · Logo Sin logo · Tamaño rosca 15mm","500"
"E2","STP-0012","Sobretapa · Altura de Sobretapa 40mm · Color de Sobretapa Morado hipoalergenico · Forma de Sobretapa Normal · Logo Sin logo · Tamaño rosca 15mm","103"
"Embarque","BOT-0029","Botella · Altura de Botella 80mm · Color de Botella Blanco · Cuello Corto · Tamaño rosca 15mm · Tipo de Botella Corta","26000"
"Embarque","BOT-0002","Botella · Altura de Botella 48mm · Color de Botella Blanco · Cuello Corto · Tamaño rosca 10mm · Tipo de Botella Mini","9000"
"Embarque","P0014-0006","Palillo · Color de Cerda de Cepillo Transparente · Color de Palillo Amarillo","100000"
"Embarque","DPL-00001","Punta Delineador · Tipo de Punta Delineador","9000"
"Embarque","STP-0001","Sobretapa · Altura de Sobretapa 44mm · Color de Sobretapa Negro · Forma de Sobretapa Normal · Tamaño rosca 10mm","9000"
"Embarque","P0019-0002","Tapa con Pincel · Altura de Taparrosca 38mm · Color de Cerda de Pincel Negro · Color de Tapa con Pincel Blanco · Medida pincel 33 · Tamaño rosca 15mm · Tipo de Tapa con Pincel Hexagonal","12000"
"Embarque","P0019-0009","Tapa con Pincel · Altura de Taparrosca 38mm · Color de Cerda de Pincel Negro · Color de Tapa con Pincel Negro · Medida pincel 33 · Tamaño rosca 15mm · Tipo de Tapa con Pincel Normal","30000"
"Embarque","P0019-0010","Tapa con Pincel · Altura de Taparrosca 38mm · Color de Cerda de Pincel Negro · Color de Tapa con Pincel Blanco · Medida pincel 33 · Tamaño rosca 15mm · Tipo de Tapa con Pincel Normal","30000"
"Embarque","P0019-0011","Tapa con Pincel · Altura de Taparrosca 30mm · Color de Cerda de Pincel Negro · Color de Tapa con Pincel Negro · Medida pincel 33 · Tamaño rosca 13mm · Tipo de Tapa con Pincel Normal","17000"
"Embarque","P0019-0012","Tapa con Pincel · Altura de Taparrosca 30mm · Color de Cerda de Pincel Negro · Color de Tapa con Pincel Blanco · Medida pincel 33 · Tamaño rosca 13mm · Tipo de Tapa con Pincel Normal","25500"
"Embarque","P0019-0013","Tapa con Pincel · Altura de Taparrosca 30mm · Color de Cerda de Pincel Negro · Color de Tapa con Pincel Negro · Medida pincel 24 · Tamaño rosca 13mm · Tipo de Tapa con Pincel Normal","25500"
"Embarque","P0019-0015","Tapa con Pincel · Altura de Taparrosca Desconocido · Color de Cerda de Pincel Negro · Color de Tapa con Pincel Negro · Medida pincel 33 · Tamaño rosca 15mm · Tipo de Tapa con Pincel Rebeca","15000"
"Embarque","P0019-0016","Tapa con Pincel · Altura de Taparrosca 38mm · Color de Cerda de Pincel Negro · Color de Tapa con Pincel Transparente · Medida pincel 35 plano · Tamaño rosca 15mm · Tipo de Tapa con Pincel Yadis","18000"
"Embarque","P0019-0017","Tapa con Pincel · Altura de Taparrosca 30mm · Color de Cerda de Pincel Negro · Color de Tapa con Pincel Negro · Medida pincel 33 · Tamaño rosca 13mm · Tipo de Tapa con Pincel Yadis","8500"
"Embarque","P0019-0018","Tapa con Pincel · Altura de Taparrosca Desconocido · Color de Cerda de Pincel Negro · Color de Tapa con Pincel Negro · Medida pincel 35 · Tamaño rosca 13mm · Tipo de Tapa con Pincel Rebeca","1500"
"Embarque","VST-0010","Vastago · Altura de Vastago 70mm · Tamaño rosca 10mm · Tipo de Vastago Delineador","9000"
"F1","VAST-0006","Mango · Altura de Mango 33mm · Tamaño rosca 13mm","34000"
"F1","VAST-0009","Mango · Altura de Mango 24mm · Tamaño rosca 15mm","37800"
"F1","PIN-0012","Pincel · Altura de Mango 33mm · Tamaño rosca 15mm","12500"
"F1","TPR-0043","Taparrosca · Color de Taparrosca Negro · Forma de Taparrosca Rebeca · Tamaño rosca 13mm","4000"
"F1","TPR-0028","Taparrosca · Altura de Taparrosca 38mm · Color de Taparrosca Transparente · Tamaño rosca 15mm · Tipo de Taparrosca Yadis","54000"
"F1","TPR-0047","Taparrosca · Color de Taparrosca Transparente · Forma de Taparrosca Rebeca · Tamaño rosca 13mm","3200"
"F2","STP-0006","Sobretapa · Altura de Sobretapa 44mm · Color de Sobretapa Verde t5g1878 · Forma de Sobretapa Normal · Tamaño rosca 10mm","500"
"F2","TPR-0011","Taparrosca · Altura de Taparrosca 30mm · Color de Taparrosca Negro · Tamaño rosca 13mm · Tipo de Taparrosca Mini yadis","1500"
"F3","STP-0008","Sobretapa · Altura de Sobretapa 44mm · Color de Sobretapa Chocolate · Forma de Sobretapa Normal · Tamaño rosca 10mm","27000"
"F3","STP-0003","Sobretapa · Altura de Sobretapa 44mm · Color de Sobretapa Fiusha · Forma de Sobretapa Normal · Tamaño rosca 10mm","1900"
"F3","STP-0004","Sobretapa · Altura de Sobretapa 44mm · Color de Sobretapa Lila · Forma de Sobretapa Normal · Tamaño rosca 10mm","34000"
"F3","STP-0007","Sobretapa · Altura de Sobretapa 44mm · Color de Sobretapa Violeta · Forma de Sobretapa Normal · Tamaño rosca 10mm","7500"
"G1","CNI-0005","Cepillo Nylon · Estado Nuevo","11978"
"G1","PIN-0007","Pincel · Altura de Mango 28mm · Tamaño rosca 13mm","6550"
"G1","PIN-0011","Pincel · Altura de Mango 28mm · Tamaño rosca 15mm","13000"
"G1","PIN-0014","Pincel · Altura de Mango 58mm · Color de Cerda de Pincel Transparente · Tamaño rosca 18mm","4300"
"G1","PIN-0004","Pincel · Altura de Mango 24mm · Color de Cerda de Pincel Transparente · Tamaño rosca 13mm · Tipo de Mango Normal","1000"
"G1","PIN-0003","Pincel · Altura de Mango 24mm · Color de Cerda de Pincel Negro · Tamaño rosca 13mm · Tipo de Mango Normal","6729"
"G1","PIN-0001","Pincel · Altura de Mango 18mm · Tamaño rosca 10mm","27154"
"G1","PIN-0009","Pincel · Altura de Mango 33mm · Color de Cerda de Pincel Transparente · Tamaño rosca 13mm","2356"
"G1","PIN-0008","Pincel · Agujero de Mango Plano · Altura de Mango 30mm · Color de Cerda de Pincel Negro · Tamaño rosca 13mm · Tipo de Mango Normal","267"
"G1","PIN-0010","Pincel · Altura de Mango 35mm · Tamaño rosca 13mm","31500"
"G1","PIN-0006","Pincel · Agujero de Mango Plano · Altura de Mango 24mm · Color de Cerda de Pincel Transparente · Tamaño rosca 13mm · Tipo de Mango Normal","1500"
"G1","PIN-0005","Pincel · Agujero de Mango Plano · Altura de Mango 24mm · Color de Cerda de Pincel Negro · Tamaño rosca 13mm · Tipo de Mango Normal","4747"
"G1","STP-0010","Sobretapa · Altura de Sobretapa 40mm · Color de Sobretapa Negro · Forma de Sobretapa Normal · Logo Sin logo · Tamaño rosca 15mm","6502"
"G1","VST-0020","Vastago · Altura de Vastago 82mm · Color de Vastago Blanco · Punta Delineador · Tamaño rosca 15mm · Tipo de Vastago Normal","11978"
"G2","TPR-0020","Taparrosca · Altura de Taparrosca 25mm · Color de Taparrosca Negro · Tamaño rosca 15mm","13000"
"G2","TPR-0050","Taparrosca · Color de Taparrosca Negro · Forma de Taparrosca Rebeca · Tamaño rosca 15mm","9500"
"G2","TPR-0008","Taparrosca · Altura de Taparrosca 30mm · Color de Taparrosca Blanco · Tamaño rosca 13mm · Tipo de Taparrosca Normal","16940"
"G2","TPR-0044","Taparrosca · Color de Taparrosca Blanco · Forma de Taparrosca Rebeca · Tamaño rosca 13mm","15000"
"G2","TPR-0022","Taparrosca · Altura de Taparrosca 25mm · Color de Taparrosca Transparente · Tamaño rosca 15mm","3500"
"G2","TPR-0021","Taparrosca · Altura de Taparrosca 25mm · Color de Taparrosca Blanco · Tamaño rosca 15mm","35000"
"H1","CNI-0005","Cepillo Nylon · Estado Nuevo","2118"
"H1","P0014-0005","Palillo · Color de Cerda de Cepillo Transparente · Color de Palillo Rosa neon","479"
"H1","P0014-0002","Palillo · Color de Cerda de Cepillo Transparente · Color de Palillo Blanco","1000"
"H1","P0019-0005","Tapa con Pincel · Altura de Taparrosca 38mm · Color de Cerda de Pincel Negro · Color de Tapa con Pincel Negro · Medida pincel 33 · Tamaño rosca 15mm · Tipo de Tapa con Pincel Hexagonal","538"
"H1","VST-0020","Vastago · Altura de Vastago 82mm · Color de Vastago Blanco · Punta Delineador · Tamaño rosca 15mm · Tipo de Vastago Normal","2118"
"H2","TPR-0018","Taparrosca · Altura de Taparrosca 44mm · Color de Taparrosca Blanco · Tamaño rosca 13mm · Tipo de Taparrosca Normal","33000"
"H2","TPR-0027","Taparrosca · Altura de Taparrosca 38mm · Color de Taparrosca Transparente · Tamaño rosca 15mm · Tipo de Taparrosca Normal","1000"
"H2","TPR-0029","Taparrosca · Altura de Taparrosca 38mm · Color de Taparrosca Blanco · Tamaño rosca 15mm · Tipo de Taparrosca Normal","48000"
"H2","TPR-0042","Taparrosca · Altura de Taparrosca 38mm · Color de Taparrosca Transparente · Tamaño rosca 18mm","300"
"H3","P0016-0001","Pulcera","8"
"H3","VST-0014","Vastago · Altura de Vastago 29mm · Color de Vastago Blanco · Tamaño rosca 13mm · Tipo de Vastago Externo","27000"
"I2","TPR-0003","Taparrosca · Altura de Taparrosca 18mm · Color de Taparrosca Transparente · Tamaño rosca 10mm","12000"
"I2","TPR-0002","Taparrosca · Altura de Taparrosca 18mm · Color de Taparrosca Blanco · Tamaño rosca 10mm","5000"
"I2","TPR-0001","Taparrosca · Altura de Taparrosca 18mm · Color de Taparrosca Negro · Tamaño rosca 10mm","13000"
"I2","TPR-0025","Taparrosca · Altura de Taparrosca 38mm · Color de Taparrosca Negro · Tamaño rosca 15mm · Tipo de Taparrosca Hexagonal","12000"
"I2","TPR-0006","Taparrosca · Altura de Taparrosca 23mm · Color de Taparrosca Blanco · Tamaño rosca 13mm","50000"
"I2","TPR-0023","Taparrosca · Altura de Taparrosca 26mm · Tamaño rosca 15mm","11500"
"I3","TPR-0017","Taparrosca · Altura de Taparrosca 44mm · Color de Taparrosca Negro · Tamaño rosca 13mm · Tipo de Taparrosca Triangular","8000"
"I3","TPR-0005","Taparrosca · Altura de Taparrosca 37mm · Color de Taparrosca Transparente · Tamaño rosca 10mm","15000"
"I3","TPR-0004","Taparrosca · Altura de Taparrosca 37mm · Color de Taparrosca Negro · Tamaño rosca 10mm","1668"
"I3","TPR-0016","Taparrosca · Altura de Taparrosca 38mm · Tamaño rosca 13mm","6000"
"I3","P0021-0002","Tapon · Color de Tapon Fiusha","70"
"I3","P0021-0005","Tapon · Color de Tapon Naranja","720"
"I3","P0021-0004","Tapon · Color de Tapon Lila","618"
"I3","P0021-0001","Tapon · Color de Tapon Negro","15700"
"I3","P0021-0003","Tapon · Color de Tapon Verde","200"
"I3","P0021-0006","Tapon · Color de Tapon Rosa","1137"
"J2","CNI-0005","Cepillo Nylon · Estado Nuevo","11576"
"J2","CNI-0004","Cepillo Nylon · Color de Cerda de Cepillo Transparente · Estado Nuevo · Grosor cerda 5""","400"
"J2","CSI-0002","Cepillo Silicon · Estado Nuevo · Forma de cepillo silicon Espiral","1038"
"J2","CSI-0007","Cepillo Silicon · Estado Nuevo · Forma de cepillo silicon Barril","370"
"J2","STP-0010","Sobretapa · Altura de Sobretapa 40mm · Color de Sobretapa Negro · Forma de Sobretapa Normal · Logo Sin logo · Tamaño rosca 15mm","1130"
"J2","P0019-0001","Tapa con Pincel · Altura de Taparrosca 44mm · Color de Cerda de Pincel Negro · Color de Tapa con Pincel Blanco · Medida pincel 24 · Tamaño rosca 13mm · Tipo de Tapa con Pincel Normal","100"
"J2","P0019-0004","Tapa con Pincel · Altura de Taparrosca 25mm · Color de Cerda de Pincel Negro · Color de Tapa con Pincel Gris · Medida pincel 33 · Tamaño rosca 15mm · Tipo de Tapa con Pincel Normal","680"
"J2","P0019-0005","Tapa con Pincel · Altura de Taparrosca 38mm · Color de Cerda de Pincel Negro · Color de Tapa con Pincel Negro · Medida pincel 33 · Tamaño rosca 15mm · Tipo de Tapa con Pincel Hexagonal","1098"
"J2","P0019-0006","Tapa con Pincel · Altura de Taparrosca 30mm · Color de Cerda de Pincel Negro · Color de Tapa con Pincel Negro · Medida pincel 24 · Tamaño rosca 13mm · Tipo de Tapa con Pincel Gg","1680"
"J2","P0019-0007","Tapa con Pincel · Altura de Taparrosca 30mm · Color de Cerda de Pincel Negro · Color de Tapa con Pincel Blanco · Medida pincel 24 · Tamaño rosca 13mm · Tipo de Tapa con Pincel Gg","8500"
"J2","TPR-0019","Taparrosca · Altura de Taparrosca 44mm · Color de Taparrosca Blanco · Tamaño rosca 13mm · Tipo de Taparrosca Triangular","5170"
"J2","TPR-0046","Taparrosca · Color de Taparrosca Desconocido · Forma de Taparrosca Rebeca · Tamaño rosca 13mm","200"
"J2","TPR-0045","Taparrosca · Color de Taparrosca Bugambilia · Forma de Taparrosca Rebeca · Tamaño rosca 13mm","200"
"J2","TPR-0015","Taparrosca · Altura de Taparrosca 35mm · Color de Taparrosca Plata · Tamaño rosca 13mm · Tipo de Taparrosca Bala","1574"
"J2","TPR-0014","Taparrosca · Altura de Taparrosca 35mm · Color de Taparrosca Blanco · Tamaño rosca 13mm · Tipo de Taparrosca Bala","10000"
"J2","TPR-0013","Taparrosca · Altura de Taparrosca 35mm · Color de Taparrosca Negro · Tamaño rosca 13mm · Tipo de Taparrosca Bala","8660"
"J2","TPR-0010","Taparrosca · Altura de Taparrosca 30mm · Color de Taparrosca Plata · Tamaño rosca 13mm · Tipo de Taparrosca Normal","6800"
"J2","TPR-0009","Taparrosca · Altura de Taparrosca 30mm · Color de Taparrosca Oro · Tamaño rosca 13mm · Tipo de Taparrosca Normal","1214"
"J2","VST-0017","Vastago · Altura de Vastago 62mm · Color de Vastago Transparente · Tamaño rosca 15mm · Tipo de Vastago Normal","5000"
"J2","VST-0001","Vastago · Altura de Vastago 14mm · Tamaño rosca 10mm","4394"
"J2","VST-0023","Vastago · Altura de Vastago 82mm · Color de Vastago Negro · Punta Nylon · Tamaño rosca 15mm · Tipo de Vastago Sin rosca","18000"
"J2","VST-0004","Vastago · Altura de Vastago 29mm · Color de Vastago Blanco · Punta Delineador · Tamaño rosca 10mm","4300"
"J2","VST-0002","Vastago · Altura de Vastago 19mm · Tamaño rosca 10mm","10053"
"J2","VST-0015","Vastago · Altura de Vastago 35mm · Tamaño rosca 13mm","180"
"J2","VST-0013","Vastago · Altura de Vastago 21mm · Tamaño rosca 13mm","3900"
"J2","VST-0014","Vastago · Altura de Vastago 29mm · Color de Vastago Blanco · Tamaño rosca 13mm · Tipo de Vastago Externo","15874"
"J2","VST-0020","Vastago · Altura de Vastago 82mm · Color de Vastago Blanco · Punta Delineador · Tamaño rosca 15mm · Tipo de Vastago Normal","13384"
"K2","P0019-0008","Tapa con Pincel · Altura de Taparrosca 38mm · Color de Cerda de Pincel Negro · Color de Tapa con Pincel Rosa glither · Medida pincel 35 plano · Tamaño rosca 15mm · Tipo de Tapa con Pincel Yadis","12000"
"L2","VST-0010","Vastago · Altura de Vastago 70mm · Tamaño rosca 10mm · Tipo de Vastago Delineador","1900"
"L2","VST-0016","Vastago · Altura de Vastago 60mm · Color de Vastago Negro · Tamaño rosca 15mm","27000"
"L2","VST-0018","Vastago · Altura de Vastago 82mm · Color de Vastago Negro · Punta Nylon · Tamaño rosca 15mm · Tipo de Vastago Normal","28000"
"L2","VST-0007","Vastago · Altura de Vastago 43mm · Color de Vastago Blanco · Punta Gloss · Tamaño rosca 10mm","8000"
"M1","VAST-0007","Mango · Altura de Mango 35mm · Tamaño rosca 13mm · Tipo de Mango Normal","30000"
"M1","P0014-0007","Palillo · Color de Palillo Negro","56000"
"M1","P0014-0014","Palillo · Color de Palillo Amarillo","157000"
"M1","P0014-0013","Palillo · Color de Palillo Rosa neon","5000"
"M1","P0014-0012","Palillo · Color de Palillo Verde neon","5000"
"M1","P0014-0011","Palillo · Color de Palillo Amarillo neon","9000"
"M1","P0014-0010","Palillo · Color de Palillo Lila","3000"
"M1","P0014-0008","Palillo · Color de Palillo Blanco","45000"
"M1","TPR-0007","Taparrosca · Altura de Taparrosca 30mm · Color de Taparrosca Negro · Tamaño rosca 13mm · Tipo de Taparrosca Normal","62800"
"M2","BOT-0014","Botella · Altura de Botella 60mm · Color de Botella Beige · Cuello Corto · Tamaño rosca 15mm · Tipo de Botella Normal","5300"
"M2","CNI-0005","Cepillo Nylon · Estado Nuevo","14401"
"M2","STP-0010","Sobretapa · Altura de Sobretapa 40mm · Color de Sobretapa Negro · Forma de Sobretapa Normal · Logo Sin logo · Tamaño rosca 15mm","832"
"M2","VST-0016","Vastago · Altura de Vastago 60mm · Color de Vastago Negro · Tamaño rosca 15mm","14401"
"N1","VAST-0012","Mango · Altura de Mango 35mm · Tamaño rosca 15mm · Tipo de Mango Normal","24000"
"N1","VAST-0013","Mango · Agujero de Mango Plano · Altura de Mango 35mm · Tamaño rosca 15mm · Tipo de Mango Normal","158000"
"N1","VAST-0015","Mango · Tipo de Mango Pelikan","239000"
"N1","VAST-0001","Mango · Altura de Mango 19mm · Ceja Delgada · Tamaño rosca 13mm · Tipo de Mango Normal","110000"
"N1","VAST-0002","Mango · Altura de Mango 19mm · Ceja Gruesa · Tamaño rosca 13mm","95000"
"N1","VAST-0003","Mango · Agujero de Mango Plano · Altura de Mango 24mm · Tamaño rosca 13mm · Tipo de Mango Normal","20000"
"N1","VAST-0004","Mango · Altura de Mango 28mm · Tamaño rosca 13mm","80000"
"N1","VAST-0008","Mango · Agujero de Mango Plano · Altura de Mango 35mm · Tamaño rosca 13mm · Tipo de Mango Normal","600"
"N1","VAST-0010","Mango · Altura de Mango 30mm · Tamaño rosca 15mm","8000"
"N1","VAST-0014","Mango · Altura de Mango 58mm · Tamaño rosca 18mm","1810"
"N2","VST-0022","Vastago · Altura de Vastago 82mm · Color de Vastago Transparente · Punta Nylon · Tamaño rosca 15mm · Tipo de Vastago Casquillo","4000"
"N2","VST-0025","Vastago · Altura de Vastago 82mm · Color de Vastago Negro · Punta Silicon chico · Tamaño rosca 15mm · Tipo de Vastago Normal","961"
"N2","VST-0011","Vastago · Altura de Vastago 74mm · Color de Vastago Negro · Tamaño rosca 10mm","6950"
"N2","VST-0008","Vastago · Altura de Vastago 43mm · Color de Vastago Blanco · Punta Nylon · Tamaño rosca 10mm","5100"
"N2","VST-0006","Vastago · Altura de Vastago 43mm · Color de Vastago Negro · Punta Gloss · Tamaño rosca 10mm","4000"
"N2","VST-0024","Vastago · Altura de Vastago 82mm · Color de Vastago Negro · Punta Silicon grande · Tamaño rosca 15mm · Tipo de Vastago Normal","6000"
"N2","VST-0007","Vastago · Altura de Vastago 43mm · Color de Vastago Blanco · Punta Gloss · Tamaño rosca 10mm","800"
"N2","VST-0005","Vastago · Altura de Vastago 29mm · Color de Vastago Blanco · Punta Nylon · Tamaño rosca 10mm","2400"
"N2","VST-0009","Vastago · Altura de Vastago 62mm · Color de Vastago Negro · Tamaño rosca 10mm","1500"
"N2","VST-0012","Vastago · Altura de Vastago 74mm · Color de Vastago Blanco · Tamaño rosca 10mm","13100"
"N2","VST-0020","Vastago · Altura de Vastago 82mm · Color de Vastago Blanco · Punta Delineador · Tamaño rosca 15mm · Tipo de Vastago Normal","2988"
"N2","VST-0021","Vastago · Altura de Vastago 82mm · Color de Vastago Negro · Punta Nylon · Tamaño rosca 15mm · Tipo de Vastago Casquillo","16000"
"O1","P0004-0001","Bolsa Botella","25"
"O1","P0005-0001","Bolsa Celofan","1300"
"O1","P0006-0001","Bolsa Hermetica","165"
"O1","P0007-0001","Bolsa Jumbo","175"
"O1","P0008-0001","Caja Cartón · Tamaño de Caja de Cartón Chico","23"
"O1","P0010-0001","Fleje","1"
"O2","BOT-0010","Botella · Altura de Botella 80mm · Color de Botella Rosa 52377 · Cuello Corto · Tamaño rosca 10mm · Tipo de Botella Delineador","1900"
"O2","BOT-0013","Botella · Altura de Botella 60mm · Color de Botella Transparente · Cuello Corto · Tamaño rosca 15mm · Tipo de Botella Normal","1200"
"O2","BOT-0030","Botella · Altura de Botella 80mm · Color de Botella Morado prosa · Cuello Corto · Tamaño rosca 15mm · Tipo de Botella Corta","1400"
"O2","P0011-0001","Galleta","14000"
"O3","BOT-0001","Botella · Altura de Botella 48mm · Color de Botella Negro · Cuello Corto · Tamaño rosca 10mm · Tipo de Botella Mini","7677"
"O3","BOT-0011","Botella · Altura de Botella 60mm · Color de Botella Negro · Cuello Corto · Tamaño rosca 15mm · Tipo de Botella Normal","836"
"O3","BOT-0019","Botella · Altura de Botella 80mm · Color de Botella Rosa silicon · Cuello Corto · Tamaño rosca 15mm · Tipo de Botella Normal","5300"
"O3","TPR-0049","Taparrosca · Color de Taparrosca Negro mate · Forma de Taparrosca Rebeca · Tamaño rosca 13mm","245"
"O4","BOT-0006","Botella · Altura de Botella 80mm · Color de Botella Transparente · Cuello Corto · Tamaño rosca 10mm · Tipo de Botella Delineador","1900"
"O4","BOT-0029","Botella · Altura de Botella 80mm · Color de Botella Blanco · Cuello Corto · Tamaño rosca 15mm · Tipo de Botella Corta","2000"
"O4","BOT-0003","Botella · Altura de Botella 48mm · Color de Botella Transparente · Cuello Corto · Tamaño rosca 10mm · Tipo de Botella Mini","7900"
"O4","BOT-0015","Botella · Altura de Botella 80mm · Color de Botella Negro · Cuello Corto · Tamaño rosca 15mm · Tipo de Botella Normal","2000"
"O4","BOT-0023","Botella · Altura de Botella 80mm · Color de Botella Hueso de mamey · Cuello Corto · Tamaño rosca 15mm · Tipo de Botella Normal","500"
"O4","BOT-0027","Botella · Altura de Botella 80mm · Color de Botella Negro · Cuello Corto · Tamaño rosca 15mm · Tipo de Botella Corta","2470"
"O4","BOT-0028","Botella · Altura de Botella 80mm · Color de Botella Transparente · Cuello Corto · Tamaño rosca 15mm · Tipo de Botella Corta","7200"
"P1","BOT-0004","Botella · Altura de Botella 80mm · Color de Botella Negro · Cuello Corto · Tamaño rosca 10mm · Tipo de Botella Delineador","4942"
"P1","BOT-0005","Botella · Altura de Botella 80mm · Color de Botella Blanco · Cuello Corto · Tamaño rosca 10mm · Tipo de Botella Delineador","900"
"P1","BOT-0007","Botella · Altura de Botella 80mm · Color de Botella Lila · Cuello Corto · Tamaño rosca 10mm · Tipo de Botella Delineador","5844"
"P1","BOT-0008","Botella · Altura de Botella 80mm · Color de Botella Chocolate · Cuello Corto · Tamaño rosca 10mm · Tipo de Botella Delineador","4870"
"P1","BOT-0009","Botella · Altura de Botella 80mm · Color de Botella Rosa 1348 · Cuello Corto · Tamaño rosca 10mm · Tipo de Botella Delineador","1500"
"P2","BOT-0025","Botella · Altura de Botella 80mm · Color de Botella Naranja · Cuello Corto · Tamaño rosca 15mm · Tipo de Botella Normal","4536"
"P2","BOT-0017","Botella · Altura de Botella 80mm · Color de Botella Amarillo keratina · Cuello Corto · Tamaño rosca 15mm · Tipo de Botella Normal","8568"
"P2","BOT-0022","Botella · Altura de Botella 80mm · Color de Botella Colageno · Cuello Corto · Tamaño rosca 15mm · Tipo de Botella Normal","1512"
"P2","BOT-0024","Botella · Altura de Botella 80mm · Color de Botella Te verde · Cuello Corto · Tamaño rosca 15mm · Tipo de Botella Normal","3024"
"P2","BOT-0026","Botella · Altura de Botella 80mm · Color de Botella Transparente · Cuello Corto · Tamaño rosca 15mm · Tipo de Botella Conica","7000"
"P3","BOT-0016","Botella · Altura de Botella 80mm · Color de Botella Morado hipoalergenico · Cuello Corto · Tamaño rosca 15mm · Tipo de Botella Normal","3528"
"P3","BOT-0020","Botella · Altura de Botella 80mm · Color de Botella Chocolate · Cuello Corto · Tamaño rosca 15mm · Tipo de Botella Normal","9072"
"P3","BOT-0021","Botella · Altura de Botella 80mm · Color de Botella Carbon black · Cuello Corto · Tamaño rosca 15mm · Tipo de Botella Normal","6552"
"P4","BOT-0018","Botella · Altura de Botella 80mm · Color de Botella Lila · Cuello Corto · Tamaño rosca 15mm · Tipo de Botella Normal","8000"
"P4","STP-0011","Sobretapa · Altura de Sobretapa 40mm · Color de Sobretapa Blanco · Forma de Sobretapa Normal · Logo Sin logo · Tamaño rosca 15mm","41000"
"P4","STP-0002","Sobretapa · Altura de Sobretapa 44mm · Color de Sobretapa Blanco · Forma de Sobretapa Normal · Tamaño rosca 10mm","13350"
"Piso de almacén","BOT-0006","Botella · Altura de Botella 80mm · Color de Botella Transparente · Cuello Corto · Tamaño rosca 10mm · Tipo de Botella Delineador","8000"
"Piso de almacén","STP-0001","Sobretapa · Altura de Sobretapa 44mm · Color de Sobretapa Negro · Forma de Sobretapa Normal · Tamaño rosca 10mm","54900"
"Piso de almacén","TPR-0024","Taparrosca · Altura de Taparrosca 38mm · Color de Taparrosca Negro · Tamaño rosca 15mm · Tipo de Taparrosca Normal","47994"
"Piso de almacén","TPR-0008","Taparrosca · Altura de Taparrosca 30mm · Color de Taparrosca Blanco · Tamaño rosca 13mm · Tipo de Taparrosca Normal","18160"
"Piso de almacén","TPR-0012","Taparrosca · Altura de Taparrosca 30mm · Color de Taparrosca Rosa 0992 · Tamaño rosca 13mm · Tipo de Taparrosca Normal","4500"
"Principal","BOT-0012","Botella · Altura de Botella 60mm · Color de Botella Rosa 1348 · Cuello Corto · Tamaño rosca 15mm · Tipo de Botella Normal","300"
"Principal","CNI-0005","Cepillo Nylon · Estado Nuevo","6313"
"Principal","CNI-0012","Cepillo Nylon · Estado Nuevo","20783"
"Principal","CERD-0002","Cerda · Color de Cerda de Cepillo Transparente · Grosor cerda 0.0025""","0.44"
"Principal","ESC-0008","Escurridor · Agujero de Escurridor Grande · Altura de Escurridor 16mm · Color de Escurridor Negro · Tamaño rosca 15mm · Versión del vástago Viejo","22000"
"Principal","ESC-0006","Escurridor · Agujero de Escurridor Chico · Altura de Escurridor 16mm · Color de Escurridor Negro · Tamaño rosca 15mm · Versión del vástago Nuevo","28037"
"Principal","VAST-0011","Mango · Altura de Mango 33mm · Tamaño rosca 15mm","145000"
"Principal","VAST-0005","Mango · Agujero de Mango Plano · Altura de Mango 30mm · Tamaño rosca 13mm · Tipo de Mango Normal","18500"
"Principal","P0014-0004","Palillo · Color de Cerda de Cepillo Transparente · Color de Palillo Naranja neon","9000"
"Principal","P0014-0003","Palillo · Color de Cerda de Cepillo Transparente · Color de Palillo Lila","1184"
"Principal","PIN-0014","Pincel · Altura de Mango 58mm · Color de Cerda de Pincel Transparente · Tamaño rosca 18mm","5700"
"Principal","PIN-0002","Pincel · Altura de Mango 19mm · Ceja Delgada · Tamaño rosca 13mm","40500"
"Principal","PIN-0015","Pincel · Tipo de Mango Pelikan","1000"
"Principal","PIN-0013","Pincel · Agujero de Mango Plano · Altura de Mango 35mm · Tamaño rosca 15mm · Tipo de Mango Normal","3000"
"Principal","DPL-00001","Punta Delineador · Tipo de Punta Delineador","55714"
"Principal","STP-0010","Sobretapa · Altura de Sobretapa 40mm · Color de Sobretapa Negro · Forma de Sobretapa Normal · Logo Sin logo · Tamaño rosca 15mm","10000"
"Principal","STP-0001","Sobretapa · Altura de Sobretapa 44mm · Color de Sobretapa Negro · Forma de Sobretapa Normal · Tamaño rosca 10mm","150"
"Principal","STP-0018","Sobretapa · Altura de Sobretapa 40mm · Color de Sobretapa Rosa 0708 · Forma de Sobretapa Normal · Logo Sin logo · Tamaño rosca 15mm","10000"
"Principal","P0019-0003","Tapa con Pincel · Altura de Taparrosca 44mm · Color de Cerda de Pincel Negro · Color de Tapa con Pincel Blanco · Medida pincel 33 · Tamaño rosca 13mm · Tipo de Tapa con Pincel Normal","6000"
"Principal","P0019-0014","Tapa con Pincel · Altura de Taparrosca Desconocido · Color de Cerda de Pincel Negro · Color de Tapa con Pincel Rosa ultra · Medida pincel 33 · Tamaño rosca 13mm · Tipo de Tapa con Pincel Rebeca","12000"
"Principal","P0019-0019","Tapa con Pincel · Altura de Taparrosca Desconocido · Color de Cerda de Pincel Negro · Color de Tapa con Pincel Blanco · Medida pincel 35 · Tamaño rosca 13mm · Tipo de Tapa con Pincel Rebeca","1500"
"Principal","TPR-0008","Taparrosca · Altura de Taparrosca 30mm · Color de Taparrosca Blanco · Tamaño rosca 13mm · Tipo de Taparrosca Normal","35100"
"Principal","TPR-0030","Taparrosca · Altura de Taparrosca 38mm · Color de Taparrosca Blanco · Tamaño rosca 15mm · Tipo de Taparrosca Hexagonal","54000"
"Principal","VST-0010","Vastago · Altura de Vastago 70mm · Tamaño rosca 10mm · Tipo de Vastago Delineador","100"
"Principal","VST-0011","Vastago · Altura de Vastago 74mm · Color de Vastago Negro · Tamaño rosca 10mm","50"
"Principal","VST-0006","Vastago · Altura de Vastago 43mm · Color de Vastago Negro · Punta Gloss · Tamaño rosca 10mm","5000"
"Principal","VST-0003","Vastago · Altura de Vastago 29mm · Color de Vastago Negro · Punta Nylon · Tamaño rosca 10mm","20000"
"Principal","VST-0005","Vastago · Altura de Vastago 29mm · Color de Vastago Blanco · Punta Nylon · Tamaño rosca 10mm","7350"
"Principal","VST-0020","Vastago · Altura de Vastago 82mm · Color de Vastago Blanco · Punta Delineador · Tamaño rosca 15mm · Tipo de Vastago Normal","19313"
"Revisión","CNI-0005","Cepillo Nylon · Estado Nuevo","7000"