"Assigned To","Counted Quantity","Difference","Location","Package","Product","Quantity","Scheduled Date","Unit of Measure"
"","0.0","0.0","PPG/Almacen/B2","","Cepillo Cacahuate (nuevo, negro, 5"")","9000.0","2025-12-31","Units"
"","0.0","0.0","PPG/Almacen/A2","","Cepillo Cacahuate (nuevo, negro, 5.75"")","44802.0","2025-12-31","Units"
"","0.0","0.0","PPG/Almacen/B2","","Cepillo Pino (nuevo, normal, transparente, 5"")","10680.0","2025-12-31","Units"
"","0.0","0.0","PPG/Almacen/A2","","Cepillo Pino (nuevo, normal, negro, 4"")","3263.0","2025-12-31","Units"
"","0.0","0.0","PPG/Almacen/A2","","Cepillo Pino (reciclado, normal, negro, 5"")","11000.0","2026-12-31","Units"
"","0.0","0.0","PPG/Almacen/A2","","Cepillo Pino (nuevo, delgado, negro, 5"")","57266.0","2025-12-31","Units"
"","0.0","0.0","PPG/Almacen/C6","","Punta Lip Gloss (lip gloss grande)","54850.0","2026-12-31","Units"
"","0.0","0.0","PPG/Almacen/A1","","Cepillo Cacahuate (nuevo, negro, 5.75"")","950.0","2025-12-31","Units"
"","0.0","0.0","PPG/Almacen/A2","","Cepillo Recto (negro, nuevo, 8.75x22.25)","8000.0","2025-12-31","Units"
"","0.0","0.0","PPG/Almacen/A2","","Cepillo Recto (negro, nuevo, 8x23)","78509.0","2025-12-31","Units"
"","0.0","0.0","PPG/Almacen/A2","","Cepillo Recto (negro, nuevo, 5x27.5)","2400.0","2025-12-31","Units"
"","0.0","0.0","PPG/Almacen/B2","","Cepillo Silicon Asa Grande (cacahuate, nuevo)","119210.0","2025-12-31","Units"
"","0.0","0.0","PPG/Almacen/B2","","Cepillo Silicon Asa Chica (peine, nuevo)","64995.0","2025-12-31","Units"
"","0.0","0.0","PPG/Almacen/B2","","Cepillo Silicon Asa Chica (espiral, nuevo)","46005.0","2025-12-31","Units"
"","0.0","0.0","PPG/Almacen/B2","","Cepillo Silicon Asa Chica (peine, reciclado)","4698.0","2025-12-31","Units"
"","0.0","0.0","PPG/Almacen/C6","","Cepillo Silicon Asa Grande (barril, nuevo)","364963.0","2025-12-31","Units"
"","0.0","0.0","PPG/Almacen/C6","","Cepillo Silicon Asa Chica (pino, nuevo)","16000.0","2026-12-31","Units"
"","0.0","0.0","PPG/Almacen/D2","","Tapa 1538 (blanco, yadis)","18000.0","2026-12-31","Units"
"","0.0","0.0","PPG/Almacen/D2","","Tapa 1538 (tutifruti, yadis)","5500.0","2025-12-31","Units"
"","0.0","0.0","PPG/Almacen/D2","","Tapa 1538 (menta, yadis)","2223.0","2025-12-31","Units"
"","0.0","0.0","PPG/Almacen/D2","","Tapa 1538 (orquidea, yadis)","1114.0","2025-12-31","Units"
"","0.0","0.0","PPG/Almacen/D2","","Tapa 1538 (vino, yadis)","1000.0","2025-12-31","Units"
"","0.0","0.0","PPG/Almacen/D2","","Tapa 1538 (watermelon, yadis)","1000.0","2025-12-31","Units"
"","0.0","0.0","PPG/Almacen/D2","","Tapa 1538 (vegas, yadis)","900.0","2025-12-31","Units"
"","0.0","0.0","PPG/Almacen/D2","","Tapa 1538 (morado satin, yadis)","500.0","2025-12-31","Units"
"","0.0","0.0","PPG/Almacen/D2","","Tapa 1538 (rosa glither, yadis)","500.0","2025-12-31","Units"
"","0.0","0.0","PPG/Almacen/D2","","Tapa 1538 (sara, yadis)","380.0","2025-12-31","Units"
"Rosa Mayoral","336.0","0.0","PPG/Almacen/D2","","Tapa 1538 (amatista, yadis)","336.0","2025-12-31","Units"
"","0.0","0.0","PPG/Almacen/E1","","Escurridor 1013 (chico, negro)","361430.0","2025-12-31","Units"
"","0.0","0.0","PPG/Almacen/E1","","Escurridor 1013 (grande, negro)","174900.0","2025-12-31","Units"
"","0.0","0.0","PPG/Almacen/E1","","Escurridor 1013 (grande, transparente)","31932.0","2025-12-31","Units"
"","0.0","0.0","PPG/Almacen/E1","","Escurridor 1013 (chico, transparente)","46250.0","2026-12-31","Units"
"","0.0","0.0","PPG/Almacen/E1","","Escurridor 1516 (chico, transparente, nuevo)","101500.0","2025-12-31","Units"
"","0.0","0.0","PPG/Almacen/E1","","Escurridor 1516 (grande, transparente, nuevo)","82859.0","2025-12-31","Units"
"","0.0","0.0","PPG/Almacen/E1","","Escurridor 1516 (chico, negro, viejo)","11500.0","","Units"
"","0.0","0.0","PPG/Almacen/E2","","Sobretapa 1540 (amarillo keratina, normal, sin logo)","500.0","2025-12-31","Units"
"","0.0","0.0","PPG/Almacen/E2","","Sobretapa 1540 (gris 134, normal, sin logo)","480.0","2025-12-31","Units"
"","0.0","0.0","PPG/Almacen/F3","","Sobretapa 1044 Delineador (lila, normal)","34000.0","2025-12-31","Units"
"","0.0","0.0","PPG/Almacen/F3","","Sobretapa 1044 Delineador (chocolate, normal)","27000.0","2025-12-31","Units"
"","0.0","0.0","PPG/Almacen/F3","","Sobretapa 1044 Delineador (violeta, normal)","7500.0","2025-12-31","Units"
"","0.0","0.0","PPG/Almacen/G1","","Pincel 1528","13000.0","2025-12-31","Units"
"","0.0","0.0","PPG/Almacen/G1","","Pincel 1324 (plano, negro)","4747.0","2025-12-31","Units"
"","0.0","0.0","PPG/Almacen/G1","","Pincel 1324 (plano, transparente)","1500.0","2025-12-31","Units"
"","0.0","0.0","PPG/Almacen/G1","","Pincel 1324 (normal, transparente)","1000.0","2025-12-31","Units"
"","0.0","0.0","PPG/Almacen/G2","","Tapa Rebeca 13 (blanco)","15000.0","2026-12-31","Units"
"","0.0","0.0","PPG/Almacen/B2","","Cepillo Bala (nuevo, transparente, 5"")","31311.0","2025-12-31","Units"
"","0.0","0.0","PPG/Almacen/B2","","Cepillo Bala (nuevo, negro, 5"")","84198.0","2025-12-31","Units"
"","0.0","0.0","PPG/Almacen/A2","","Cepillo Bala (nuevo, negro, 4"")","56438.0","2025-12-31","Units"
"","0.0","0.0","PPG/Almacen/A2","","Cepillo Bala (reciclado, negro, 5"")","25000.0","2025-12-31","Units"
"","0.0","0.0","PPG/Almacen/A2","","Cepillo Balita (muestras prosa) (nuevo)","21850.0","2025-12-31","Units"
"","0.0","0.0","PPG/Almacen/A2","","Cepillo Pino (muestras prosa) (nuevo, transparente)","4353.0","2025-12-31","Units"
"","0.0","0.0","PPG/Almacen/B2","","Cepillo Pino (muestras prosa) (nuevo, negro)","140218.0","2025-12-31","Units"
"","0.0","0.0","PPG/Almacen/H2","","Tapa 1538 (blanco, normal)","48000.0","2026-12-31","Units"
"","0.0","0.0","PPG/Almacen/H3","","Pulcera","8.0","2025-12-31","Units"
"","0.0","0.0","PPG/Almacen/I2","","Tapa 1018 (transparente)","12000.0","2025-12-31","Units"
"","0.0","0.0","PPG/Almacen/I2","","Tapa 1018 (blanco)","5000.0","2025-12-31","Units"
"","0.0","0.0","PPG/Almacen/I2","","Tapa 1538 (negro, hexagonal)","12000.0","2026-12-31","Units"
"","0.0","0.0","PPG/Almacen/I2","","Tapa 1018 (negro)","13000.0","2026-12-31","Units"
"","0.0","0.0","PPG/Almacen/I3","","Tapon (fiusha)","70.0","2025-12-31","Units"
"","0.0","0.0","PPG/Almacen/I3","","Tapon (verde)","200.0","2025-12-31","Units"
"","0.0","0.0","PPG/Almacen/I3","","Tapon (lila)","618.0","2025-12-31","Units"
"","0.0","0.0","PPG/Almacen/I3","","Tapon (naranja)","720.0","2025-12-31","Units"
"","0.0","0.0","PPG/Almacen/I3","","Tapon (rosa)","1137.0","2025-12-31","Units"
"","0.0","0.0","PPG/Almacen/I3","","Tapa 1037 (negro)","1668.0","2025-12-31","Units"
"","0.0","0.0","PPG/Almacen/I3","","Tapa 1338","6000.0","2025-12-31","Units"
"","0.0","0.0","PPG/Almacen/I3","","Tapa 1344 (negro, triangular)","8000.0","2025-12-31","Units"
"","0.0","0.0","PPG/Almacen/I3","","Tapa 1037 (transparente)","15000.0","2025-12-31","Units"
"","0.0","0.0","PPG/Almacen/I3","","Tapon (negro)","15700.0","2025-12-31","Units"
"","0.0","0.0","PPG/Almacen/J2","","Vastago 1335","180.0","2025-12-31","Units"
"","0.0","0.0","PPG/Almacen/J2","","Tapa Rebeca 13 (bugambilia)","200.0","2025-12-31","Units"
"","0.0","0.0","PPG/Almacen/J2","","Tapa Rebeca 13 (rosa ???)","200.0","2025-12-31","Units"
"","0.0","0.0","PPG/Almacen/J2","","Tapa 1330 (oro, normal)","1214.0","2025-12-31","Units"
"","0.0","0.0","PPG/Almacen/J2","","Tapa 1335 (plata, bala)","1574.0","2025-12-31","Units"
"","0.0","0.0","PPG/Almacen/J2","","Vastago 1321","3900.0","2025-12-31","Units"
"","0.0","0.0","PPG/Almacen/J2","","Vastago 1014","4394.0","2025-12-31","Units"
"","0.0","0.0","PPG/Almacen/J2","","Tapa 1344 (blanco, triangular)","5170.0","2025-12-31","Units"
"","0.0","0.0","PPG/Almacen/J2","","Tapa 1330 (plata, normal)","6800.0","2025-12-31","Units"
"","0.0","0.0","PPG/Almacen/J2","","Tapa 1335 (negro, bala)","8660.0","2025-12-31","Units"
"","0.0","0.0","PPG/Almacen/J2","","Tapa 1335 (blanco, bala)","10000.0","2025-12-31","Units"
"","0.0","0.0","PPG/Almacen/J2","","Vastago 1019","10053.0","2025-12-31","Units"
"","0.0","0.0","PPG/Almacen/N1","","Mango 1324 (plano)","20000.0","2025-12-31","Units"
"","0.0","0.0","PPG/Almacen/O1","","Bolsa Hermetica","165.0","2026-12-31","Units"
"","0.0","0.0","PPG/Almacen/O1","","Bolsa Celofan","1300.0","2025-12-31","Units"
"","0.0","0.0","PPG/Almacen/O1","","Bolsa Jumbo","175.0","2026-12-31","Units"
"","0.0","0.0","PPG/Almacen/O1","","[RM31] Caja Cartón (chico)","23.0","2026-12-31","Units"
"","0.0","0.0","PPG/Almacen/O1","","Fleje","1.0","2025-12-31","Units"
"","0.0","0.0","PPG/Almacen/O3","","Botella 1580 (rosa silicon, normal, corto)","5300.0","2025-12-31","Units"
"","0.0","0.0","PPG/Almacen/O3","","Botella 1560 (negro, normal, corto)","836.0","2026-12-31","Units"
"","0.0","0.0","PPG/Almacen/O4","","Botella 1580 (hueso de mamey, normal, corto)","500.0","2025-12-31","Units"
"","0.0","0.0","PPG/Almacen/P1","","Botella 1080 Delineador (negro, corto)","4942.0","2025-12-31","Units"
"","0.0","0.0","PPG/Almacen/P1","","Botella 1080 Delineador (lila, corto)","5844.0","2025-12-31","Units"
"","0.0","0.0","PPG/Almacen/P1","","Botella 1080 Delineador (chocolate, corto)","4870.0","2025-12-31","Units"
"","0.0","0.0","PPG/Almacen/P1","","Botella 1080 Delineador (blanco, corto)","900.0","2026-12-31","Units"
"","0.0","0.0","PPG/Almacen/P2","","Botella 1580 (amarillo keratina, normal, corto)","8568.0","2025-12-31","Units"
"","0.0","0.0","PPG/Almacen/P2","","Botella 1580 (naranja, normal, corto)","4536.0","2025-12-31","Units"
"","0.0","0.0","PPG/Almacen/P2","","Botella 1580 (transparente, conica, corto)","7000.0","2025-12-31","Units"
"","0.0","0.0","PPG/Almacen/P2","","Botella 1580 (te verde, normal, corto)","3024.0","2025-12-31","Units"
"","0.0","0.0","PPG/Almacen/P2","","Botella 1580 (colageno, normal, corto)","1512.0","2025-12-31","Units"
"","0.0","0.0","PPG/Almacen/P3","","Botella 1580 (chocolate, normal, corto)","9072.0","2025-12-31","Units"
"","0.0","0.0","PPG/Almacen/P3","","Botella 1580 (carbon black, normal, corto)","6552.0","2025-12-31","Units"
"","0.0","0.0","PPG/Almacen/P3","","Botella 1580 (morado hipoalergenico, normal, corto)","3528.0","2025-12-31","Units"
"","0.0","0.0","PPG/Almacen/PIG1","","Amanecer","1.5","2025-12-31","kg"
"","0.0","0.0","PPG/Almacen/PIG1","","Amarillo Amarelo","0.65","2025-12-31","kg"
"","0.0","0.0","PPG/Almacen/PIG3","","Amarillo Barradas","0.1","2025-12-31","kg"
"","0.0","0.0","PPG/Almacen/PIG3","","Azul Barradas","0.29","2025-12-31","kg"
"","0.0","0.0","PPG/Almacen/PIG1","","Azul Navy","1.6","2025-12-31","kg"
"","0.0","0.0","PPG/Almacen/PIG1","","Azul Nectarin","0.9","2025-12-31","kg"
"","0.0","0.0","PPG/Almacen/PIG1","","Azul Oceano","1.0","2025-12-31","kg"
"","0.0","0.0","PPG/Almacen/PIG1","","Cafe Galleta","0.45","2025-12-31","kg"
"","0.0","0.0","PPG/Almacen/PIG2","","Coral Confeti","1.35","2025-12-31","kg"
"","0.0","0.0","PPG/Almacen/PIG1","","Granberry","1.45","2025-12-31","kg"
"","0.0","0.0","PPG/Almacen/PIG1","","Mamey","0.5","2025-12-31","kg"
"","0.0","0.0","PPG/Almacen/PIG1","","Morado Satin","0.5","2025-12-31","kg"
"","0.0","0.0","PPG/Almacen/PIG1","","Naranja Raspberry","0.8","2025-12-31","kg"
"","0.0","0.0","PPG/Almacen/PIG1","","Naranja Passion Fruit","0.65","2025-12-31","kg"
"","0.0","0.0","PPG/Almacen/PIG1","","Palo De Rosa I","1.0","2025-12-31","kg"
"","0.0","0.0","PPG/Almacen/PIG1","","Palo De Rosa II","2.0","2025-12-31","kg"
"","0.0","0.0","PPG/Almacen/PIG1","","Pome Granate","1.5","2025-12-31","kg"
"","0.0","0.0","PPG/Almacen/PIG3","","Blanco","30.0","2025-12-31","kg"
"","0.0","0.0","PPG/Almacen/PIG1","","Red Blood","0.6","2025-12-31","kg"
"","0.0","0.0","PPG/Almacen/PIG1","","Rojo V","0.6","2025-12-31","kg"
"","0.0","0.0","PPG/Almacen/PIG1","","Rosa II","1.0","2025-12-31","kg"
"","0.0","0.0","PPG/Almacen/PIG1","","Rosa Bombon","0.4","2025-12-31","kg"
"","0.0","0.0","PPG/Almacen/PIG3","","Rosa I","0.1","2025-12-31","kg"
"","0.0","0.0","PPG/Almacen/PIG1","","Rosa Bugambilia","0.25","2025-12-31","kg"
"","0.0","0.0","PPG/Almacen/PIG1","","Rosa Cuarzo","1.1","2025-12-31","kg"
"","0.0","0.0","PPG/Almacen/PIG1","","Rosa Gliter","0.4","2025-12-31","kg"
"","0.0","0.0","PPG/Almacen/PIG1","","Rosa Grape Fruit","0.5","2025-12-31","kg"
"","0.0","0.0","PPG/Almacen/PIG1","","Rosa Uñas","0.85","2025-12-31","kg"
"","0.0","0.0","PPG/Almacen/PIG1","","Satinado Sara","1.5","2025-12-31","kg"
"","0.0","0.0","PPG/Almacen/PIG1","","Tutifruti I","1.7","2025-12-31","kg"
"","0.0","0.0","PPG/Almacen/PIG1","","Tutifruti II","0.96","2025-12-31","kg"
"","0.0","0.0","PPG/Almacen/PIG3","","Verde Aqua II","0.15","2025-12-31","kg"
"","0.0","0.0","PPG/Almacen/PIG1","","Verde Aqua I","2.7","2025-12-31","kg"
"","0.0","0.0","PPG/Almacen/PIG3","","Verde Barradas","0.3","2025-12-31","kg"
"","0.0","0.0","PPG/Almacen/PIG1","","Verde Convite","0.75","2025-12-31","kg"
"","0.0","0.0","PPG/Almacen/PIG1","","Verde Lemoncino","0.35","2025-12-31","kg"
"","0.0","0.0","PPG/Almacen/PIG1","","Vino","1.15","2025-12-31","kg"
"","0.0","0.0","PPG/Almacen/PIG1","","Violeta Blackberry","1.35","2025-12-31","kg"
"","0.0","0.0","PPG/Almacen/PIG1","","Watermelon","0.5","2025-12-31","kg"
"","0.0","0.0","PPG/Almacen/D1","","Sobretapa Con Vastago y Cepillo (SVC) (10, 44, negro, normal, sin logo, 29, nuevo, blanco, recto, nylon, negra, 5)","2320.0","2025-05-02","Units"
"","0.0","0.0","PPG/Almacen/D1","","Sobretapa Con Vastago y Cepillo (SVC) (15, 40, azul cielo, normal, sin logo, 82, nuevo, negro, pino, nylon, negra, 5)","1382.0","2025-12-31","Units"
"","0.0","0.0","PPG/Almacen/D1","","Vastago con Cepillo (VC) (15, 82, normal, transparente, bala, nylon, negra, 5)","500.0","2025-12-31","Units"
"","0.0","0.0","PPG/Almacen/J2","","Vastago con Cepillo (VC) (15, 82, normal, transparente, bala, nylon, negra, 5)","1000.0","2025-12-31","Units"
"","0.0","0.0","PPG/Almacen/D1","","Vastago con Cepillo (VC) (10, 82, normal, transparente, bala, nylon, transparente, 5)","500.0","2025-12-31","Units"
"","0.0","0.0","PPG/Almacen/D1","","Vastago con Cepillo (VC) (15, 60, normal, negro, bala, nylon, negra, 5)","800.0","2025-12-31","Units"
"","0.0","0.0","PPG/Almacen/D1","","Vastago con Cepillo (VC) (15, 82, casquillo, negro, bala, nylon, negra, 5)","1649.0","2025-12-31","Units"
"","0.0","0.0","PPG/Almacen/D1","","Vastago con Cepillo (VC) (15, 82, normal, transparente, pino, nylon, transparente, 4)","1987.0","2025-12-31","Units"
"","0.0","0.0","PPG/Almacen/D1","","Vastago con Cepillo (VC) (15, 82, normal, negro, pino, nylon, negra, 4)","2000.0","2025-12-31","Units"
"","0.0","0.0","PPG/Almacen/G1","","Vastago con Cepillo (VC) (15, 82, normal, negro, pino, nylon, negra, 4)","5476.0","2025-12-31","Units"
"","0.0","0.0","PPG/Almacen/G1","","Sobretapa Con Vastago y Cepillo (SVC) (15, 40, negro, normal, sin logo, 82, nuevo, negro, bala, nylon, negra, 4)","2802.0","2025-12-31","Units"
"","0.0","0.0","PPG/Almacen/G1","","Sobretapa Con Vastago y Cepillo (SVC) (15, 40, negro, normal, sin logo, 82, nuevo, negro, cacahuate, nylon, negra, 5)","3000.0","2025-12-31","Units"
"","0.0","0.0","PPG/Almacen/H1","","Tapa con Vastago Sin Rosca y Cepillo (15, 38, negro, normal, 62, negro, pino, nylon, negra, 5)","1101.0","2025-12-31","Units"
"","0.0","0.0","PPG/Almacen/H1","","Vastago con Cepillo (VC) (15, 82, normal, negro, cacahuate, nylon, negra, 5)","2118.0","2025-12-31","Units"
"","0.0","0.0","PPG/Almacen/J2","","Tapa con Pincel (13, 44, normal, blanco, 24, negra)","100.0","2025-12-31","Units"
"","0.0","0.0","PPG/Almacen/J2","","Vastago con Cepillo (VC) (15, 82, normal, transparente, pino, nylon, transparente, 5)","100.0","2025-12-31","Units"
"","0.0","0.0","PPG/Almacen/J2","","Sobretapa Con Vastago y Cepillo (SVC) (15, 40, negro, normal, sin logo, 82, nuevo, negro, balita, nylon, negra, 5)","210.0","2025-12-31","Units"
"","0.0","0.0","PPG/Almacen/J2","","Sobretapa Con Vastago y Cepillo (SVC) (15, 40, gris 134, normal, sin logo, 82, nuevo, negro, pino, nylon, negra, 5)","250.0","2025-12-31","Units"
"","0.0","0.0","PPG/Almacen/J2","","Tapa con Vastago Sin Rosca (13, 44, blanco, normal, 21, blanco, chico, perforar)","280.0","2025-12-31","Units"
"","0.0","0.0","PPG/Almacen/J2","","Sobretapa Con Vastago y Cepillo (SVC) (15, 40, fiusha, normal, sin logo, 82, nuevo, negro, bala, nylon, transparente, 5)","300.0","2025-12-31","Units"
"","0.0","0.0","PPG/Almacen/J2","","Sobretapa Con Vastago y Cepillo (SVC) (15, 40, naranja barradas, normal, sin logo, 82, nuevo, negro, barril, silicon, NA, NA)","370.0","2025-12-31","Units"
"","0.0","0.0","PPG/Almacen/J2","","Tapa con Vastago Sin Rosca (13, 44, blanco, normal, 29, negro, chico, perforar)","454.0","2025-12-31","Units"
"","0.0","0.0","PPG/Almacen/J2","","Tapa con Vastago Sin Rosca (13, 30, negro, normal, 35, blanco, chico, perforar)","670.0","2025-12-31","Units"
"","0.0","0.0","PPG/Almacen/J2","","Tapa con Pincel (15, 25, normal, gris, 33, negra)","680.0","2025-12-31","Units"
"","0.0","0.0","PPG/Almacen/J2","","Vastago con Cepillo (VC) (15, 82, casquillo, negro, pino, nylon, negra, 5)","900.0","2025-12-31","Units"
"","0.0","0.0","PPG/Almacen/J2","","Vastago con Cepillo (VC) (15, 82, normal, negro, espiral, silicon, NA, NA)","1038.0","2025-12-31","Units"
"","0.0","0.0","PPG/Almacen/J2","","Vastago con Cepillo (VC) (15, 82, normal, negro, bala largo, nylon, negra, 5)","1059.0","2025-12-31","Units"
"","0.0","0.0","PPG/Almacen/J2","","Tapa con Vastago Sin Rosca y Cepillo (15, 38, rojo, normal, 82, negro, pino, nylon, negra, 5)","1064.0","2025-12-31","Units"
"","0.0","0.0","PPG/Almacen/J2","","Tapa con Pincel (15, 38, hexagonal, negro, 33, negra)","1098.0","2025-12-31","Units"
"","0.0","0.0","PPG/Almacen/J2","","Tapa con Vastago Sin Rosca (13, 30, blanco, normal, 35, blanco, chico, perforar)","1324.0","2025-12-31","Units"
"","0.0","0.0","PPG/Almacen/J2","","Tapa con Vastago Sin Rosca (13, 30, blanco, normal, 29, negro, chico, perforar)","1480.0","2025-12-31","Units"
"","0.0","0.0","PPG/Almacen/J2","","Tapa con Pincel (13, 30, gg, negro, 24, negra)","1680.0","2025-12-31","Units"
"","0.0","0.0","PPG/Almacen/J2","","Vastago con Cepillo (VC) (15, 82, sin rosca, negro, pino, nylon, negra, 5)","8057.0","2025-12-31","Units"
"","0.0","0.0","PPG/Almacen/J2","","Tapa con Pincel (13, 30, gg, blanco, 24, negra)","8500.0","2025-12-31","Units"
"","0.0","0.0","PPG/Almacen/K2","","Tapa con Pincel (15, 38, yadis, rosa glither, 35 plano, negra)","12000.0","2025-12-31","Units"
"","0.0","0.0","PPG/Almacen/M2","","Sobretapa Con Vastago y Cepillo (SVC) (15, 40, cafe prosa, normal, sin logo, 60, nuevo, negro, pino, nylon, negra, 5)","832.0","2025-12-31","Units"
"","0.0","0.0","PPG/Almacen/J2","","Vastago con Cepillo (VC) (15, 82, normal, transparente, pino, nylon, negra, 5)","100.0","2025-12-31","Units"
"","0.0","0.0","PPG/Almacen/O1","","Bolsa Botella","25.0","2026-12-31","Units"
"","0.0","0.0","PPG/Oficina/CAJON LRLP","","Bolsa Celofan","20.0","2025-12-31","Units"
"","0.0","0.0","PPG/Oficina/CAJON LRLP","","Etiquetas Recicladas","30.0","2025-12-31","Units"
"","0.0","0.0","PPG/Almacen/C1","","Alambre Acero Inoxidable","12.0","2026-12-31","Units"
"","0.0","0.0","PPG/Almacen/C1","","Alambre Kola Loka","1.0","2025-12-31","Units"
"","0.0","0.0","PPG/Almacen/L2","","Vastago 1070 Delineador","1900.0","2026-12-31","Units"
"","0.0","0.0","PPG/Almacen/J2","","Vastago 1562 (normal, transparente)","5000.0","2025-12-31","Units"
"","0.0","0.0","PPG/Almacen/J2","","Vastago 1029 (blanco, delineador)","4300.0","2025-12-31","Units"
"","0.0","0.0","PPG/Almacen/N2","","Vastago 1029 (blanco, nylon)","2400.0","2026-12-31","Units"
"","0.0","0.0","PPG/Almacen/N2","","Vastago 1043 (negro, gloss)","4000.0","2025-12-31","Units"
"","0.0","0.0","PPG/Almacen/N2","","Vastago 1062 (negro)","1500.0","2025-12-31","Units"
"","0.0","0.0","PPG/Almacen/N2","","Vastago 1074 (negro)","6950.0","2025-12-31","Units"
"","0.0","0.0","PPG/Almacen/N2","","Vastago 1074 (blanco)","13100.0","2025-12-31","Units"
"","0.0","0.0","PPG/Almacen/J2","","Vastago 1329 Externo (blanco)","15874.0","2025-12-31","Units"
"","0.0","0.0","PPG/Almacen/L2","","Vastago 1560 (negro)","27000.0","2026-12-31","Units"
"","0.0","0.0","PPG/Almacen/D1","","Vastago 1582 (normal, blanco, gloss)","9000.0","2025-12-31","Units"
"","0.0","0.0","PPG/Almacen/J2","","Vastago 1582 (sin rosca, negro, nylon)","18000.0","2025-12-31","Units"
"","0.0","0.0","PPG/Almacen/N2","","Vastago 1582 (casquillo, negro, nylon)","16000.0","2025-12-31","Units"
"","0.0","0.0","PPG/Almacen/N2","","Vastago 1582 (casquillo, transparente, nylon)","4000.0","2025-12-31","Units"
"","0.0","0.0","PPG/Almacen/D1","","Sobretapa Con Vastago (10, 44, negro, normal, sin logo, 70, negro, delineador)","22500.0","2025-12-31","Units"
"","0.0","0.0","PPG/Almacen/D1","","Sobretapa Con Vastago (15, 40, lila, normal, sin logo, 82, negro, nylon)","1924.0","2025-12-31","Units"
"","0.0","0.0","PPG/Almacen/D1","","Sobretapa Con Vastago (15, 40, negro, normal, sin logo, 82, negro, nylon)","1000.0","2025-12-31","Units"
"","0.0","0.0","PPG/Almacen/D1","","Sobretapa Con Vastago (10, 44, negro, normal, sin logo, 29, blanco, nylon)","2000.0","2025-12-31","Units"
"","0.0","0.0","PPG/Almacen/J2","","Sobretapa Con Vastago (15, 40, naranja barradas, normal, sin logo, 82, transparente, nylon)","100.0","2025-12-31","Units"
"","0.0","0.0","PPG/Almacen/M2","","Sobretapa Con Vastago (15, 40, cafe prosa, normal, sin logo, 60, negro, nylon)","3000.0","2025-12-31","Units"
"","0.0","0.0","PPG/Almacen/H3","","Vastago 1329 Externo (blanco)","27000.0","2025-12-31","Units"
"","0.0","0.0","PPG/Almacen/A2","","Palillo Citologico Desechable","328714.0","2026-12-31","Units"
"","0.0","0.0","PPG/Almacen/E2","","Sobretapa 1540 (naranja barradas, normal, sin logo)","5500.0","2025-12-31","Units"
"","0.0","-1900.0","PPG/Almacen/F3","","Sobretapa 1044 Delineador (fiusha, normal)","1900.0","2025-12-31","Units"
"","0.0","-10000.0","PPG/Almacen/N1","","Mango 1530","8000.0","2025-12-31","Units"
"","0.0","0.0","PPG/Almacen/A2","","Cepillo Bala (muestras prosa) (no aprobadp)","1467.0","2025-12-31","Units"
"","0.0","0.0","PPG/Almacen/A1","","Cepillo Bala (muestras prosa) (nuevo)","26189.0","2025-12-31","Units"
"","0.0","0.0","PPG/Almacen/Revision","","Cepillo Bala (muestras prosa) (nuevo)","7000.0","2025-12-31","Units"
"","0.0","0.0","PPG/Almacen/E2","","Sobretapa 1540 (azul cielo, normal, sin logo)","4500.0","2025-12-31","Units"
"","0.0","0.0","PPG/Almacen/E2","","Sobretapa 1540 (azul barradas, normal, sin logo)","200.0","2025-12-31","Units"
"","0.0","0.0","PPG/Almacen/E2","","Sobretapa 1540 (verde barradas, normal, sin logo)","2000.0","2025-12-31","Units"
"","0.0","0.0","PPG/Almacen/H1","","Palillo con Cepillo Balita (blanco, transparente)","1000.0","2025-12-31","Units"
"","0.0","0.0","PPG/Almacen/B2","","Cepillo Recto (transparente, nuevo, 8x23)","5468.0","2026-12-31","Units"
"","0.0","0.0","PPG/Almacen/E2","","Sobretapa 1540 (fiusha, normal, sin logo)","7000.0","2025-12-31","Units"
"","0.0","0.0","PPG/Almacen/E2","","Sobretapa 1540 (morado hipoalergenico, normal, sin logo)","103.0","2026-12-31","Units"
"","0.0","-1200.0","PPG/Almacen/O2","","Botella 1560 (transparente, normal, corto)","1200.0","2025-12-31","Units"
"","0.0","0.0","PPG/Almacen/D1","","Cepillo Balita (nuevo, transparente)","282183.0","2026-12-31","Units"
"","0.0","0.0","PPG/Almacen/F1","","Mango 1524","37800.0","2025-12-31","Units"
"","0.0","0.0","PPG/Almacen/O2","","Botella 1580 (morado prosa, corta, corto)","1400.0","2025-12-31","Units"
"","0.0","0.0","PPG/Almacen/F1","","Tapa Rebeca 13 (transparente)","3200.0","2026-12-31","Units"
"","0.0","0.0","PPG/Almacen/A1","","[RM41 32x16x14] Caja Cartón (grande)","112.0","2026-12-31","Units"
"","0.0","0.0","Physical Locations/Subcontracting Location","","Cepillo Balita (nuevo, rosa)","0.0","2026-12-31","Units"
"","0.0","0.0","Physical Locations/Subcontracting Location","","Palillo Desechable (rosa)","0.0","2026-12-31","Units"
"","0.0","0.0","PPG/Almacen/G1","","Sobretapa Con Vastago y Cepillo (SVC) (15, 40, amarillo keratina, normal, sin logo, 82, nuevo, negro, bala, nylon, negra, 4)","200.0","2025-12-31","Units"
"","0.0","0.0","PPG/Almacen/G1","","Sobretapa Con Vastago y Cepillo (SVC) (15, 40, naranja barradas, normal, sin logo, 82, nuevo, negro, bala, nylon, negra, 4)","500.0","2025-12-31","Units"
"","0.0","0.0","PPG/Almacen/D2","","Tapa 1538 (negro, yadis)","39000.0","2025-12-31","Units"
"","0.0","0.0","PPG/Almacen/N2","","Vastago 1582 (normal, negro, silicon chico)","961.0","2026-12-31","Units"
"","0.0","0.0","PPG/Almacen/M2","","Botella 1560 (beige, normal, corto)","5300.0","2025-12-31","Units"
"","0.0","0.0","PPG/Almacen/D1","","Sobretapa 1044 Delineador (rosa 0708, normal)","500.0","2025-12-31","Units"
"","0.0","0.0","PPG/Almacen/N2","","Vastago 1043 (blanco, gloss)","800.0","2026-12-31","Units"
"","0.0","0.0","PPG/Almacen/O4","","Botella 1580 (negro, corta, corto)","2470.0","2026-12-31","Units"
"","0.0","0.0","PPG/Almacen/N1","","Mango 1319 (gruesa)","95000.0","2025-12-31","Units"
"","0.0","0.0","PPG/Almacen","","Sobretapa 1540 (rosa 0708, normal, sin logo)","10000.0","2026-12-31","Units"
"","0.0","-13569.0","PPG/Almacen/M2","","Vastago con Cepillo (VC) (15, 60, normal, negro, pino, nylon, negra, 5.75)","13569.0","2025-12-31","Units"
"","0.0","0.0","PPG/Almacen/L2","","Vastago 1043 (blanco, gloss)","8000.0","2025-12-31","Units"
"","0.0","0.0","PPG/Almacen/A2","","Cepillo Pino (nuevo, mini, negro, 5"")","7450.0","2025-12-31","Units"
"","0.0","0.0","PPG/Almacen/G1","","Pincel 1018","27154.0","2025-12-31","Units"
"","0.0","0.0","PPG/Almacen/G1","","Pincel 1330 (plano, negro)","267.0","2025-12-31","Units"
"","0.0","0.0","PPG/Almacen/I2","","Tapa 1526","11500.0","2026-12-31","Units"
"","0.0","0.0","PPG/Almacen/E2","","Sobretapa 1540 (verde t5g1878, normal, sin logo)","7000.0","2026-12-31","Units"
"","0.0","0.0","PPG/Almacen/F2","","Sobretapa 1044 Delineador (verde t5g1878, normal)","500.0","2026-12-31","Units"
"","0.0","0.0","PPG/Almacen/N1","","Mango 1335 (plano)","600.0","2026-12-31","Units"
"","0.0","0.0","PPG/Almacen/D1","","Cepillo Recto (negro, nuevo, 6x12)","11430.0","2025-12-31","Units"
"","0.0","0.0","PPG/Almacen/O2","","Botella 1080 Delineador (rosa 52377, corto)","1900.0","2026-12-31","Units"
"","0.0","0.0","PPG/Almacen/H1","","Palillo con Cepillo Balita (rosa neon, transparente)","479.0","2026-12-31","Units"
"","0.0","-14000.0","PPG/Almacen/O2","","Galleta","14000.0","2026-12-31","Units"
"","0.0","0.0","PPG/Almacen/D1","","Vastago con Punta (VP) (10, 70, normal, negro, delineador)","19866.0","2026-12-31","Units"
"","0.0","0.0","PPG/Almacen/O3","","Botella 1048 Mini (negro, corto)","7677.0","2026-12-31","Units"
"","0.0","0.0","PPG/Almacen/AA","","Tapa Rebeca 13 (plata cromada)","385.0","2026-12-31","Units"
"","0.0","0.0","PPG/Almacen/AA","","Botella 1580 (cromado plata, normal, corto)","243.0","2026-12-31","Units"
"","0.0","0.0","PPG/Almacen/AA","","Botella 1580 (cromado oro, normal, corto)","224.0","2026-12-31","Units"
"","0.0","0.0","PPG/Almacen/AA","","Botella 1580 (cromado rosa, normal, corto)","167.0","2026-12-31","Units"
"","0.0","0.0","PPG/Almacen/AA","","Botella 1580 (cromado azul, normal, corto)","164.0","2026-12-31","Units"
"","0.0","-11810.0","PPG/Almacen/N1","","Mango 1858","1810.0","2026-12-31","Units"
"","0.0","0.0","PPG/Almacen/AA","","Punta Delineador (tratamiento nocturno)","55205.0","2026-12-31","Units"
"","0.0","-350000.0","PPG/Almacen/N1","","Mango Pelikan","239000.0","2026-12-31","Units"
"","0.0","0.0","PPG/Almacen/H2","","Tapa 1838 (transparente)","300.0","2026-12-31","Units"
"","0.0","-8500.0","PPG/Almacen/Embarque","","Tapa con Pincel (13, 30, yadis, negro, 33, negra)","8500.0","2026-12-31","Units"
"","0.0","0.0","PPG/Almacen/E2","","Sobretapa 1540 (rojo jorge diaz, normal, sin logo)","4000.0","2026-12-31","Units"
"","0.0","0.0","PPG/Almacen/E2","","Sobretapa 1540 (steel green, normal, sin logo)","3000.0","2026-12-31","Units"
"","0.0","0.0","PPG/Almacen/E2","","Sobretapa 1540 (naranja rohs 52622, normal, sin logo)","840.0","2026-12-31","Units"
"","0.0","0.0","PPG/Almacen","","Vastago 1029 (negro, nylon)","20000.0","2026-12-31","Units"
"","0.0","0.0","PPG/Almacen/Embarque","","Botella 1048 Mini (blanco, corto)","9000.0","2026-12-31","Units"
"","0.0","0.0","PPG/Almacen/F1","","Mango 1333","34000.0","2026-12-31","Units"
"","0.0","0.0","PPG/Almacen/P4","","Sobretapa 1044 Delineador (blanco, normal)","13350.0","2026-12-31","Units"
"","0.0","0.0","PPG/Almacen/N2","","Vastago 1582 (normal, negro, silicon grande)","6000.0","2026-12-31","Units"
"","0.0","0.0","PPG/Almacen","","Vastago con Cepillo (VC) (15, 82, normal, negro, bolita, silicon, NA, NA)","3000.0","2026-12-31","Units"
"","0.0","0.0","PPG/Almacen/E2","","Sobretapa 1540 (negro, normal, sin logo)","12470.0","2026-12-31","Units"
"","0.0","0.0","PPG/Almacen","","Escurridor 1516 (grande, negro, viejo)","22000.0","2026-12-31","Units"
"","0.0","0.0","PPG/Almacen/H2","","Tapa 1538 (transparente, normal)","1000.0","2026-12-31","Units"
"","0.0","0.0","PPG/Almacen/E2","","Sobretapa 1540 (gris 2170, normal, sin logo)","25.0","2026-12-31","Units"
"","0.0","-111000.0","PPG/Almacen","","Pincel Pelikan","1000.0","2026-12-31","Units"
"","0.0","0.0","PPG/Almacen/H1","","Tapa con Pincel (15, 38, hexagonal, negro, 33, negra)","538.0","2026-12-31","Units"
"","0.0","0.0","PPG/Almacen","","Punta Delineador (delineador)","55614.0","2026-12-31","Units"
"","0.0","-7350.0","PPG/Almacen","","Vastago 1029 (blanco, nylon)","7350.0","2026-12-31","Units"
"","0.0","-18500.0","PPG/Almacen","","Mango 1330 (plano)","18500.0","2026-12-31","Units"
"","0.0","0.0","PPG/Almacen/D1","","Cepillo Recto (negro, nuevo, mini)","6300.0","2026-12-31","Units"
"","0.0","0.0","PPG/Almacen/O3","","Tapa Rebeca 13 (negro mate)","245.0","2026-12-31","Units"
"","0.0","0.0","PPG/Almacen","","Tapa 1538 (blanco, hexagonal)","54000.0","2026-12-31","Units"
"","0.0","0.0","PPG/Almacen/F2","","Tapa 1330 (negro, mini yadis)","1500.0","2026-12-31","Units"
"","0.0","0.0","PPG/Almacen/C5","","Cerda (0.0025"") (negro)","97.94","2026-12-31","kg"
"","0.0","0.0","PPG/Almacen/C5","","Cerda (0.0025"") (transparente)","13.6","2026-12-31","kg"
"","0.0","0.0","PPG/Almacen/C2","","Cerda (0.004"") (negro)","0.82","2026-12-31","kg"
"","0.0","0.0","PPG/Almacen/C2","","Cerda (0.00575"")","111.96","2026-12-31","kg"
"","0.0","-8000.0","PPG/Almacen/P4","","Botella 1580 (lila, normal, corto)","8000.0","2026-12-31","Units"
"","0.0","0.0","PPG/Almacen/N2","","Vastago 1582 (normal, blanco, delineador)","2988.0","2026-12-31","Units"
"","0.0","-144000.0","PPG/Almacen/N1","","Mango 1535 (plano)","158000.0","2026-12-31","Units"
"","0.0","0.0","PPG/Almacen/N1","","Mango 1319 (delgada)","110000.0","2026-12-31","Units"
"","0.0","-9000.0","PPG/Almacen","","Pincel 1319 (delgada)","40500.0","2026-12-31","Units"
"","0.0","0.0","PPG/Almacen/I2","","Tapa 1323 (blanco)","50000.0","2026-12-31","Units"
"","0.0","0.0","PPG/Almacen/C3","","Cerda (0.0025"") (negro)","28.84","2026-12-31","kg"
"","0.0","-6000.0","PPG/Almacen","","Tapa con Pincel (13, 44, normal, blanco, 33, negra)","6000.0","2026-12-31","Units"
"","0.0","0.0","PPG/Almacen/G1","","Pincel 1328","6550.0","2026-12-31","Units"
"","0.0","0.0","PPG/Almacen/N1","","Mango 1328","80000.0","2026-12-31","Units"
"","0.0","-3000.0","PPG/Almacen","","Vastago con Cepillo (VC) (15, 82, normal, negro, bala, nylon, negra, 5)","280.0","2026-12-31","Units"
"","0.0","0.0","PPG/Almacen/G1","","Pincel 1335","31500.0","2026-12-31","Units"
"","0.0","-48000.0","PPG/Almacen","","Vastago con Cepillo (VC) (15, 82, normal, negro, balita, nylon, negra, 5)","33.0","2026-12-31","Units"
"","0.0","0.0","PPG/Almacen","","Escurridor 1516 (chico, negro, nuevo)","28037.0","2026-12-31","Units"
"","0.0","0.0","PPG/Almacen/G2","","Tapa 1330 (blanco, normal)","16940.0","2026-12-31","Units"
"","0.0","-35000.0","PPG/Almacen/G2","","Tapa 1525 (blanco)","26500.0","2026-12-31","Units"
"","0.0","-13000.0","PPG/Almacen/G2","","Tapa 1525 (negro)","13000.0","2026-12-31","Units"
"","0.0","-4000.0","PPG/Almacen/G2","","Tapa 1525 (transparente)","3500.0","2026-12-31","Units"
"","0.0","-3352.0","PPG/Almacen/A2","","Cepillo Pino (nuevo, normal, negro, 5"")","-3648.0","2026-12-31","Units"
"","0.0","0.0","PPG/Almacen/O4","","Botella 1048 Mini (transparente, corto)","7900.0","2026-12-31","Units"
"","0.0","-3000.0","PPG/Almacen/H2","","Tapa 1344 (blanco, normal)","33000.0","2026-12-31","Units"
"","0.0","0.0","PPG/Almacen/D1","","Palillo Desechable (rosa)","35000.0","2026-12-31","Units"
"","0.0","0.0","PPG/Almacen/E2","","Sobretapa 1044 Delineador (rosa lili, normal)","10000.0","2026-12-31","Units"
"","0.0","0.0","PPG/Almacen/F1","","Pincel 1533","3000.0","2026-12-31","Units"
"","0.0","0.0","PPG/Almacen","","Cepillo Citologico (nuevo)","20783.0","2026-12-31","Units"
"","0.0","0.0","PPG/Almacen/N2","","Vastago 1043 (blanco, nylon)","5100.0","2026-12-31","Units"
"","0.0","0.0","PPG/Almacen/C6","","Cepillo Silicon Asa Chica (balita, nuevo)","2970.0","2026-12-31","Units"
"","0.0","0.0","PPG/Almacen/C6","","Cepillo Silicon Asa Grande (barril grueso, nuevo)","3500.0","2026-12-31","Units"
"","0.0","0.0","PPG/Almacen/C4","","Grapas","3.0","2026-12-31","Units"
"","0.0","0.0","PPG/Almacen/C4","","Alambre Ensartado","3.0","2026-12-31","Units"
"","0.0","0.0","PPG/Almacen/G1","","Pincel 1333 (transparente)","2356.0","2026-12-31","Units"
"","0.0","-1500.0","PPG/Almacen","","Tapa con Pincel (13, NA, rebeca, blanco, 35, negra)","1500.0","2026-12-31","Units"
"","0.0","0.0","PPG/Almacen/D1","","Cepillo Balita (nuevo, negro)","134400.0","2026-12-31","Units"
"","0.0","0.0","PPG/Almacen/M1","","Tapa 1330 (negro, normal)","62800.0","2026-12-31","Units"
"","0.0","-3200.0","PPG/Almacen","","Botella 1560 (rosa 1348, normal, corto)","300.0","2026-12-31","Units"
"","0.0","0.0","PPG/Almacen","","Palillo con Cepillo Balita (lila, transparente)","1184.0","2026-12-31","Units"
"","0.0","0.0","PPG/Almacen","","Palillo con Cepillo Balita (naranja neon, transparente)","9000.0","2026-12-31","Units"
"","0.0","0.0","PPG/Almacen/G1","","Pincel 1324 (normal, negro)","6729.0","2026-12-31","Units"
"","0.0","0.0","PPG/Almacen","","Pincel 1535 (plano)","3000.0","2026-12-31","Units"
"","0.0","-1500.0","PPG/Almacen/P1","","Botella 1080 Delineador (rosa 1348, corto)","1500.0","2026-12-31","Units"
"","0.0","-1900.0","PPG/Almacen/O4","","Botella 1080 Delineador (transparente, corto)","1900.0","2026-12-31","Units"
"","0.0","0.0","PPG/Almacen/F1","","Tapa 1538 (transparente, yadis)","54000.0","2026-12-31","Units"
"","0.0","0.0","PPG/Almacen","","pp 1992 MASTER ROSA ","25.0","2026-12-31","Units"
"","0.0","0.0","PPG/Almacen/F1","","Tapa Rebeca 13 (negro)","4000.0","2026-12-31","Units"
"","0.0","-9000.0","PPG/Almacen/M1","","Palillo Desechable (amarillo neon)","9000.0","2026-12-31","Units"
"","0.0","-5000.0","PPG/Almacen/M1","","Palillo Desechable (verde neon)","5000.0","2026-12-31","Units"
"","0.0","-45000.0","PPG/Almacen/M1","","Palillo Desechable (blanco)","45000.0","2026-12-31","Units"
"","0.0","-56000.0","PPG/Almacen/M1","","Palillo Desechable (negro)","56000.0","2026-12-31","Units"
"","0.0","-3000.0","PPG/Almacen/M1","","Palillo Desechable (lila)","3000.0","2026-12-31","Units"
"","0.0","-5000.0","PPG/Almacen/M1","","Palillo Desechable (rosa neon)","5000.0","2026-12-31","Units"
"","0.0","-60000.0","PPG/Almacen/M1","","Mango 1335 (normal)","30000.0","2026-12-31","Units"
"","0.0","0.0","PPG/Almacen/Piso De Almacen","","Tapa 1330 (rosa 0992, normal)","4500.0","2026-12-31","Units"
"","0.0","0.0","PPG/Almacen/M1","","Palillo Desechable (amarillo)","183000.0","2026-12-31","Units"
"","0.0","-5000.0","PPG/Almacen","","Vastago con Gloss (10, 43, normal, blanco)","5000.0","2026-12-31","Units"
"","0.0","-12000.0","PPG/Almacen","","Tapa con Pincel (13, NA, rebeca, rosa ultra, 33, negra)","12000.0","2026-12-31","Units"
"","0.0","-15000.0","PPG/Almacen/Embarque","","Tapa con Pincel (15, NA, rebeca, negro, 33, negra)","15000.0","2026-12-31","Units"
"","0.0","-3000.0","PPG/Almacen","","Vastago con Cepillo (VC) (15, 82, normal, negro, cacahuate, nylon, negra, 5)","3000.0","2026-12-31","Units"
"","0.0","-7200.0","PPG/Almacen/O4","","Botella 1580 (transparente, corta, corto)","7200.0","2026-12-31","Units"
"","0.0","0.0","PPG/Almacen/Embarque","","Sobretapa Con Vastago y Punta (SVP) (10, 44, negro, normal, 70, negro, delineador)","9000.0","2026-12-31","Units"
"","0.0","-4500.0","PPG/Almacen/Embarque","","Tapa con Pincel (13, NA, rebeca, negro, 35, negra)","1500.0","2026-12-31","Units"
"","0.0","0.0","PPG/Almacen/Embarque","","Palillo con Cepillo Balita (amarillo, transparente)","100000.0","2026-12-31","Units"
"","0.0","-24000.0","PPG/Almacen/N1","","Mango 1535 (normal)","24000.0","2026-12-31","Units"
"","0.0","-3000.0","PPG/Almacen","","Vastago con Cepillo (VC) (15, 82, normal, negro, pino, nylon, negra, 5)","3000.0","2026-12-31","Units"
"","0.0","-9500.0","PPG/Almacen/G2","","Tapa Rebeca 15 (negro)","9500.0","2026-12-31","Units"
"","0.0","0.0","PPG/Almacen/O4","","Botella 1580 (negro, normal, corto)","2000.0","2026-12-31","Units"
"","0.0","-8000.0","PPG/Almacen/L2","","Vastago 1582 (normal, negro, nylon)","28000.0","2026-12-31","Units"
"","0.0","0.0","PPG/Almacen/O4","","Botella 1580 (blanco, corta, corto)","2000.0","2026-12-31","Units"
"","0.0","-10000.0","PPG/Almacen","","Sobretapa Con Vastago y Cepillo (SVC) (15, 40, rojo jorge diaz, normal, sin logo, 82, viejo, negro, bolita, silicon, NA, NA)","10000.0","2026-12-31","Units"
"","0.0","-4300.0","PPG/Almacen/G1","","Pincel 1858 (transparente)","4300.0","2026-12-31","Units"
"","0.0","-0.44","PPG/Almacen","","Cerda (0.0025"") (transparente)","0.44","2026-12-31","kg"
"","0.0","-33.28","PPG/Almacen/C3","","Cerda (0.003"") (transparente)","33.28","2026-12-31","kg"
"","0.0","0.0","PPG/Almacen/C3","","Cerda (0.005"") (transparente)","36.69","2026-12-31","kg"
"","0.0","-50.0","PPG/Almacen","","Sobretapa Con Vastago y Punta (SVP) (10, 44, blanco, normal, 74, negro, lip gloss)","50.0","2026-12-31","Units"
"","0.0","-26000.0","PPG/Almacen/Embarque","","Botella 1580 (blanco, corta, corto)","26000.0","2026-12-31","Units"
"","0.0","-5700.0","PPG/Almacen","","Pincel 1858 (transparente)","5700.0","2026-12-31","Units"
"","0.0","0.0","PPG/Almacen/C6","","Punta Lip Gloss (punta lip gloss)","54951.0","2026-12-31","Units"
"","0.0","0.0","PPG/Almacen/C6","","Punta Lip Gloss (punta lip gloss grande)","5000.0","2026-12-31","Units"
"","0.0","0.0","PPG/Almacen/C6","","Punta Lip Gloss (punta lip gloss tipo hoja)","5000.0","2026-12-31","Units"
"","0.0","-41000.0","PPG/Almacen/P4","","Sobretapa 1540 (blanco, normal, sin logo)","41000.0","2026-12-31","Units"
"","0.0","-0.89","PPG/Almacen/C3","","Cerda (0.00575"")","-1.27","2026-12-31","kg"
"","0.0","-25000.0","PPG/Almacen/Piso De Almacen","","Tapa 1330 (blanco, normal)","18160.0","2026-12-31","Units"
"","0.0","-17000.0","PPG/Almacen/Embarque","","Tapa con Pincel (13, 30, normal, negro, 33, negra)","17000.0","2026-12-31","Units"
"","0.0","-25500.0","PPG/Almacen/Embarque","","Tapa con Pincel (13, 30, normal, negro, 24, negra)","25500.0","2026-12-31","Units"
"","0.0","0.0","PPG/Almacen","","Mango 1533","85000.0","2026-12-31","Units"
"","0.0","-8000.0","PPG/Almacen/Piso De Almacen","","Botella 1080 Delineador (transparente, corto)","8000.0","2026-12-31","Units"
"","0.0","-12000.0","PPG/Almacen/Embarque","","Tapa con Pincel (15, 38, hexagonal, blanco, 33, negra)","12000.0","2026-12-31","Units"
"","0.0","0.0","PPG/Almacen","","Tapa 1330 (blanco, normal)","35100.0","2026-12-31","Units"
"","0.0","-25500.0","PPG/Almacen/Embarque","","Tapa con Pincel (13, 30, normal, blanco, 33, negra)","25500.0","2026-12-31","Units"
"","0.0","-30000.0","PPG/Almacen/Embarque","","Tapa con Pincel (15, 38, normal, blanco, 33, negra)","30000.0","2026-12-31","Units"
"","0.0","-38994.0","PPG/Almacen/Piso De Almacen","","Tapa 1538 (negro, normal)","47994.0","2026-12-31","Units"
"","0.0","0.0","PPG/Almacen/Piso De Almacen","","Sobretapa 1044 Delineador (negro, normal)","54900.0","2026-12-31","Units"
"","0.0","-30000.0","PPG/Almacen/Embarque","","Tapa con Pincel (15, 38, normal, negro, 33, negra)","30000.0","2026-12-31","Units"
"","0.0","-100.0","PPG/Almacen","","Sobretapa Con Vastago y Punta (SVP) (10, 44, negro, normal, 70, negro, delineador)","100.0","2026-12-31","Units"
"","0.0","0.0","PPG/Almacen","","Pincel 1333 (negro)","-8500.0","2026-12-31","Units"
"","0.0","-8500.0","PPG/Almacen/Embarque","","Tapa con Pincel (15, 25, normal, blanco, 33, negra)","8500.0","2026-12-31","Units"
"","0.0","-60000.0","PPG/Almacen","","Pincel 1533","60000.0","2026-12-31","Units"
