"ubicacion","sku","producto","qty_odoo","qty_ppg","delta","tipo","nota"
"A1","CNI-0005","Cepillo Nylon","26189","26189","0","ok",""
"A1","CNI-0011","Cepillo Nylon","950","950","0","ok",""
"A1","P0008-0002","Caja Cartón","112","112","0","ok",""
"A2","CNI-0002","Cepillo Nylon","56438","56438","0","ok",""
"A2","CNI-0009","Cepillo Nylon","21850","21850","0","ok",""
"A2","CNI-0011","Cepillo Nylon","44802","44802","0","ok",""
"A2","CNI-0013","Cepillo Nylon","3263","3263","0","ok",""
"A2","CNI-0016","Cepillo Nylon","7450","7450","0","ok",""
"A2","CNI-0018","Cepillo Nylon","57266","57266","0","ok",""
"A2","CNI-0020","Cepillo Nylon","4353","4353","0","ok",""
"A2","CNI-0021","Cepillo Nylon","2400","2400","0","ok",""
"A2","CNI-0022","Cepillo Nylon","8000","8000","0","ok",""
"A2","CNI-0023","Cepillo Nylon","78509","78509","0","ok",""
"A2","P0032-0001","Palillo Citologico Sin Cepillo","328714","328714","0","ok",""
"AA","BOT-0031","Botella","164","164","0","ok",""
"AA","BOT-0032","Botella","167","167","0","ok",""
"AA","BOT-0033","Botella","224","224","0","ok",""
"AA","BOT-0034","Botella","243","243","0","ok",""
"AA","TPR-0048","Taparrosca","385","385","0","ok",""
"AA","TRN-00001","Punta Tratamiento","55205","55205","0","ok",""
"B2","CNI-0003","Cepillo Nylon","84198","84198","0","ok",""
"B2","CNI-0004","Cepillo Nylon","31311","31311","0","ok",""
"B2","CNI-0010","Cepillo Nylon","9000","9000","0","ok",""
"B2","CNI-0017","Cepillo Nylon","10680","10680","0","ok",""
"B2","CNI-0019","Cepillo Nylon","140218","140218","0","ok",""
"B2","CNI-0024","Cepillo Nylon","5468","5468","0","ok",""
"B2","CSI-0002","Cepillo Silicon","46005","46005","0","ok",""
"B2","CSI-0004","Cepillo Silicon","64995","64995","0","ok",""
"B2","CSI-0006","Cepillo Silicon","119210","119210","0","ok",""
"C1","P0001-0001","Alambre Acero Inoxidable","12","12","0","ok",""
"C1","P0003-0001","Alambre Kola Loka","1","1","0","ok",""
"C2","CERD-0004","Cerda","0.82","0.82","0","ok",""
"C2","CERD-0006","Cerda","111.96","111.96","0","ok",""
"C3","CERD-0001","Cerda","28.84","28.84","0","ok",""
"C3","CERD-0003","Cerda","33.28","33.28","0","ok",""
"C3","CERD-0005","Cerda","36.69","36.69","0","ok",""
"C3","CERD-0006","Cerda","-1.27","0","1.27","solo_odoo",""
"C4","P0002-0001","Alambre Ensartado","3","3","0","ok",""
"C4","P0012-0001","Grapas","3","3","0","ok",""
"C5","CERD-0001","Cerda","97.94","97.94","0","ok",""
"C5","CERD-0002","Cerda","13.6","13.6","0","ok",""
"C6","CSI-0001","Cepillo Silicon","16000","16000","0","ok",""
"C6","CSI-0005","Cepillo Silicon","2970","2970","0","ok",""
"C6","CSI-0007","Cepillo Silicon","364963","364963","0","ok",""
"C6","CSI-0008","Cepillo Silicon","3500","3500","0","ok",""
"C6","LGL-00001","Punta Lip Gloss","54951","54951","0","ok",""
"C6","LGL-00002","Punta Lip Gloss","59850","59850","0","ok",""
"C6","LGL-00003","Punta Lip Gloss","5000","5000","0","ok",""
"D1","CNI-0007","Cepillo Nylon","134400","134400","0","ok",""
"D1","CNI-0008","Cepillo Nylon","282183","282183","0","ok",""
"D1","CNI-0025","Cepillo Nylon","11430","11430","0","ok",""
"D1","CNI-0026","Cepillo Nylon","6300","6300","0","ok",""
"D1","P0014-0009","Palillo Sin Cepillo","35000","35000","0","ok",""
"D1","STP-0009","Sobretapa","500","500","0","ok",""
"D1","VST-0019","Vastago","9000","9000","0","ok",""
"D2","TPR-0026","Taparrosca","39000","39000","0","ok",""
"D2","TPR-0031","Taparrosca","18000","18000","0","ok",""
"D2","TPR-0032","Taparrosca","336","336","0","ok",""
"D2","TPR-0033","Taparrosca","2223","2223","0","ok",""
"D2","TPR-0034","Taparrosca","500","500","0","ok",""
"D2","TPR-0035","Taparrosca","1114","1114","0","ok",""
"D2","TPR-0036","Taparrosca","500","500","0","ok",""
"D2","TPR-0037","Taparrosca","380","380","0","ok",""
"D2","TPR-0038","Taparrosca","5500","5500","0","ok",""
"D2","TPR-0039","Taparrosca","900","900","0","ok",""
"D2","TPR-0040","Taparrosca","1000","1000","0","ok",""
"D2","TPR-0041","Taparrosca","1000","1000","0","ok",""
"E1","ESC-0001","Escurridor","361430","361430","0","ok",""
"E1","ESC-0002","Escurridor","46250","46250","0","ok",""
"E1","ESC-0003","Escurridor","174900","174900","0","ok",""
"E1","ESC-0004","Escurridor","31932","31932","0","ok",""
"E1","ESC-0005","Escurridor","11500","11500","0","ok",""
"E1","ESC-0007","Escurridor","101500","101500","0","ok",""
"E1","ESC-0009","Escurridor","82859","82859","0","ok",""
"E2","STP-0005","Sobretapa","10000","10000","0","ok",""
"E2","STP-0010","Sobretapa","12470","12470","0","ok",""
"E2","STP-0012","Sobretapa","103","103","0","ok",""
"E2","STP-0013","Sobretapa","500","500","0","ok",""
"E2","STP-0014","Sobretapa","200","200","0","ok",""
"E2","STP-0015","Sobretapa","480","480","0","ok",""
"E2","STP-0016","Sobretapa","7000","7000","0","ok",""
"E2","STP-0017","Sobretapa","5500","5500","0","ok",""
"E2","STP-0019","Sobretapa","2000","2000","0","ok",""
"E2","STP-0020","Sobretapa","7000","7000","0","ok",""
"E2","STP-0021","Sobretapa","4000","4000","0","ok",""
"E2","STP-0022","Sobretapa","840","840","0","ok",""
"E2","STP-0023","Sobretapa","25","25","0","ok",""
"E2","STP-0024","Sobretapa","4500","4500","0","ok",""
"E2","STP-0025","Sobretapa","3000","3000","0","ok",""
"Embarque","BOT-0002","Botella","9000","9000","0","ok",""
"Embarque","BOT-0029","Botella","26000","26000","0","ok",""
"Embarque","P0019-0002","Tapa con Pincel","12000","12000","0","ok",""
"Embarque","P0019-0009","Tapa con Pincel","30000","30000","0","ok",""
"Embarque","P0019-0010","Tapa con Pincel","30000","30000","0","ok",""
"Embarque","P0019-0011","Tapa con Pincel","17000","17000","0","ok",""
"Embarque","P0019-0012","Tapa con Pincel","25500","25500","0","ok",""
"Embarque","P0019-0013","Tapa con Pincel","25500","25500","0","ok",""
"Embarque","P0019-0015","Tapa con Pincel","15000","15000","0","ok",""
"Embarque","P0019-0017","Tapa con Pincel","8500","8500","0","ok",""
"Embarque","P0019-0018","Tapa con Pincel","1500","1500","0","ok",""
"Embarque","P0033-0005","Palillo con Cepillo","100000","100000","0","ok",""
"F1","PIN-0012","Pincel","3000","3000","0","ok",""
"F1","TPR-0028","Taparrosca","54000","54000","0","ok",""
"F1","TPR-0043","Taparrosca","4000","4000","0","ok",""
"F1","TPR-0047","Taparrosca","3200","3200","0","ok",""
"F1","VAST-0006","Mango","34000","34000","0","ok",""
"F1","VAST-0009","Mango","37800","37800","0","ok",""
"F2","STP-0006","Sobretapa","500","500","0","ok",""
"F2","TPR-0011","Taparrosca","1500","1500","0","ok",""
"F3","STP-0003","Sobretapa","1900","1900","0","ok",""
"F3","STP-0004","Sobretapa","34000","34000","0","ok",""
"F3","STP-0007","Sobretapa","7500","7500","0","ok",""
"F3","STP-0008","Sobretapa","27000","27000","0","ok",""
"G1","PIN-0001","Pincel","27154","27154","0","ok",""
"G1","PIN-0003","Pincel","6729","6729","0","ok",""
"G1","PIN-0004","Pincel","1000","1000","0","ok",""
"G1","PIN-0005","Pincel","4747","4747","0","ok",""
"G1","PIN-0006","Pincel","1500","1500","0","ok",""
"G1","PIN-0007","Pincel","6550","6550","0","ok",""
"G1","PIN-0008","Pincel","267","267","0","ok",""
"G1","PIN-0009","Pincel","2356","2356","0","ok",""
"G1","PIN-0010","Pincel","31500","31500","0","ok",""
"G1","PIN-0011","Pincel","13000","13000","0","ok",""
"G1","PIN-0014","Pincel","4300","4300","0","ok",""
"G2","TPR-0008","Taparrosca","16940","16940","0","ok",""
"G2","TPR-0020","Taparrosca","13000","13000","0","ok",""
"G2","TPR-0021","Taparrosca","26500","26500","0","ok",""
"G2","TPR-0022","Taparrosca","3500","3500","0","ok",""
"G2","TPR-0044","Taparrosca","15000","15000","0","ok",""
"G2","TPR-0050","Taparrosca","9500","9500","0","ok",""
"H1","P0019-0005","Tapa con Pincel","538","538","0","ok",""
"H1","P0033-0001","Palillo con Cepillo","1000","1000","0","ok",""
"H1","P0033-0004","Palillo con Cepillo","479","479","0","ok",""
"H2","TPR-0018","Taparrosca","33000","33000","0","ok",""
"H2","TPR-0027","Taparrosca","1000","1000","0","ok",""
"H2","TPR-0029","Taparrosca","48000","48000","0","ok",""
"H2","TPR-0042","Taparrosca","300","300","0","ok",""
"H3","P0016-0001","Pulcera","8","8","0","ok",""
"H3","VST-0014","Vastago","27000","27000","0","ok",""
"I2","TPR-0001","Taparrosca","13000","13000","0","ok",""
"I2","TPR-0002","Taparrosca","5000","5000","0","ok",""
"I2","TPR-0003","Taparrosca","12000","12000","0","ok",""
"I2","TPR-0006","Taparrosca","50000","50000","0","ok",""
"I2","TPR-0023","Taparrosca","11500","11500","0","ok",""
"I2","TPR-0025","Taparrosca","12000","12000","0","ok",""
"I3","P0021-0001","Tapon","15700","15700","0","ok",""
"I3","P0021-0002","Tapon","70","70","0","ok",""
"I3","P0021-0003","Tapon","200","200","0","ok",""
"I3","P0021-0004","Tapon","618","618","0","ok",""
"I3","P0021-0005","Tapon","720","720","0","ok",""
"I3","P0021-0006","Tapon","1137","1137","0","ok",""
"I3","TPR-0004","Taparrosca","1668","1668","0","ok",""
"I3","TPR-0005","Taparrosca","15000","15000","0","ok",""
"I3","TPR-0016","Taparrosca","6000","6000","0","ok",""
"I3","TPR-0017","Taparrosca","8000","8000","0","ok",""
"J2","P0019-0001","Tapa con Pincel","100","100","0","ok",""
"J2","P0019-0004","Tapa con Pincel","680","680","0","ok",""
"J2","P0019-0005","Tapa con Pincel","1098","1098","0","ok",""
"J2","P0019-0006","Tapa con Pincel","1680","1680","0","ok",""
"J2","P0019-0007","Tapa con Pincel","8500","8500","0","ok",""
"J2","TPR-0009","Taparrosca","1214","1214","0","ok",""
"J2","TPR-0010","Taparrosca","6800","6800","0","ok",""
"J2","TPR-0013","Taparrosca","8660","8660","0","ok",""
"J2","TPR-0014","Taparrosca","10000","10000","0","ok",""
"J2","TPR-0015","Taparrosca","1574","1574","0","ok",""
"J2","TPR-0019","Taparrosca","5170","5170","0","ok",""
"J2","TPR-0045","Taparrosca","200","200","0","ok",""
"J2","TPR-0046","Taparrosca","200","200","0","ok",""
"J2","VST-0001","Vastago","4394","4394","0","ok",""
"J2","VST-0002","Vastago","10053","10053","0","ok",""
"J2","VST-0004","Vastago","4300","4300","0","ok",""
"J2","VST-0013","Vastago","3900","3900","0","ok",""
"J2","VST-0014","Vastago","15874","15874","0","ok",""
"J2","VST-0015","Vastago","180","180","0","ok",""
"J2","VST-0017","Vastago","5000","5000","0","ok",""
"J2","VST-0023","Vastago","18000","18000","0","ok",""
"K2","P0019-0008","Tapa con Pincel","12000","12000","0","ok",""
"L2","VST-0007","Vastago","8000","8000","0","ok",""
"L2","VST-0010","Vastago","1900","1900","0","ok",""
"L2","VST-0016","Vastago","27000","27000","0","ok",""
"L2","VST-0018","Vastago","28000","28000","0","ok",""
"M1","P0014-0007","Palillo Sin Cepillo","56000","56000","0","ok",""
"M1","P0014-0008","Palillo Sin Cepillo","45000","45000","0","ok",""
"M1","P0014-0010","Palillo Sin Cepillo","3000","3000","0","ok",""
"M1","P0014-0011","Palillo Sin Cepillo","9000","9000","0","ok",""
"M1","P0014-0012","Palillo Sin Cepillo","5000","5000","0","ok",""
"M1","P0014-0013","Palillo Sin Cepillo","5000","5000","0","ok",""
"M1","P0014-0014","Palillo Sin Cepillo","183000","183000","0","ok",""
"M1","TPR-0007","Taparrosca","62800","62800","0","ok",""
"M1","VAST-0007","Mango","30000","30000","0","ok",""
"M2","BOT-0014","Botella","5300","5300","0","ok",""
"N1","VAST-0001","Mango","110000","110000","0","ok",""
"N1","VAST-0002","Mango","95000","95000","0","ok",""
"N1","VAST-0003","Mango","20000","20000","0","ok",""
"N1","VAST-0004","Mango","80000","80000","0","ok",""
"N1","VAST-0008","Mango","600","600","0","ok",""
"N1","VAST-0010","Mango","8000","8000","0","ok",""
"N1","VAST-0012","Mango","24000","24000","0","ok",""
"N1","VAST-0013","Mango","158000","158000","0","ok",""
"N1","VAST-0014","Mango","1810","1810","0","ok",""
"N1","VAST-0015","Mango","239000","239000","0","ok",""
"N2","VST-0005","Vastago","2400","2400","0","ok",""
"N2","VST-0006","Vastago","4000","4000","0","ok",""
"N2","VST-0007","Vastago","800","800","0","ok",""
"N2","VST-0008","Vastago","5100","5100","0","ok",""
"N2","VST-0009","Vastago","1500","1500","0","ok",""
"N2","VST-0011","Vastago","6950","6950","0","ok",""
"N2","VST-0012","Vastago","13100","13100","0","ok",""
"N2","VST-0020","Vastago","2988","2988","0","ok",""
"N2","VST-0021","Vastago","16000","16000","0","ok",""
"N2","VST-0022","Vastago","4000","4000","0","ok",""
"N2","VST-0024","Vastago","6000","6000","0","ok",""
"N2","VST-0025","Vastago","961","961","0","ok",""
"O1","P0004-0001","Bolsa Botella","25","25","0","ok",""
"O1","P0005-0001","Bolsa Celofan","1300","1300","0","ok",""
"O1","P0006-0001","Bolsa Hermetica","165","165","0","ok",""
"O1","P0007-0001","Bolsa Jumbo","175","175","0","ok",""
"O1","P0008-0001","Caja Cartón","23","23","0","ok",""
"O1","P0010-0001","Fleje","1","1","0","ok",""
"O2","BOT-0010","Botella","1900","1900","0","ok",""
"O2","BOT-0013","Botella","1200","1200","0","ok",""
"O2","BOT-0030","Botella","1400","1400","0","ok",""
"O2","P0011-0001","Galleta","14000","14000","0","ok",""
"O3","BOT-0001","Botella","7677","7677","0","ok",""
"O3","BOT-0011","Botella","836","836","0","ok",""
"O3","BOT-0019","Botella","5300","5300","0","ok",""
"O3","TPR-0049","Taparrosca","245","245","0","ok",""
"O4","BOT-0003","Botella","7900","7900","0","ok",""
"O4","BOT-0006","Botella","1900","1900","0","ok",""
"O4","BOT-0015","Botella","2000","2000","0","ok",""
"O4","BOT-0023","Botella","500","500","0","ok",""
"O4","BOT-0027","Botella","2470","2470","0","ok",""
"O4","BOT-0028","Botella","7200","7200","0","ok",""
"O4","BOT-0029","Botella","2000","2000","0","ok",""
"P1","BOT-0004","Botella","4942","4942","0","ok",""
"P1","BOT-0005","Botella","900","900","0","ok",""
"P1","BOT-0007","Botella","5844","5844","0","ok",""
"P1","BOT-0008","Botella","4870","4870","0","ok",""
"P1","BOT-0009","Botella","1500","1500","0","ok",""
"P2","BOT-0017","Botella","8568","8568","0","ok",""
"P2","BOT-0022","Botella","1512","1512","0","ok",""
"P2","BOT-0024","Botella","3024","3024","0","ok",""
"P2","BOT-0025","Botella","4536","4536","0","ok",""
"P2","BOT-0026","Botella","7000","7000","0","ok",""
"P3","BOT-0016","Botella","3528","3528","0","ok",""
"P3","BOT-0020","Botella","9072","9072","0","ok",""
"P3","BOT-0021","Botella","6552","6552","0","ok",""
"P4","BOT-0018","Botella","8000","8000","0","ok",""
"P4","STP-0002","Sobretapa","13350","13350","0","ok",""
"P4","STP-0011","Sobretapa","41000","41000","0","ok",""
"Piso de almacén","BOT-0006","Botella","8000","8000","0","ok",""
"Piso de almacén","STP-0001","Sobretapa","54900","54900","0","ok",""
"Piso de almacén","TPR-0008","Taparrosca","18160","18160","0","ok",""
"Piso de almacén","TPR-0012","Taparrosca","4500","4500","0","ok",""
"Piso de almacén","TPR-0024","Taparrosca","47994","47994","0","ok",""
"Principal","BOT-0012","Botella","300","300","0","ok",""
"Principal","CERD-0002","Cerda","0.44","0.44","0","ok",""
"Principal","CNI-0012","Cepillo Nylon","20783","20783","0","ok",""
"Principal","DPL-00001","Punta Delineador","55614","55614","0","ok",""
"Principal","ESC-0006","Escurridor","28037","28037","0","ok",""
"Principal","ESC-0008","Escurridor","22000","22000","0","ok",""
"Principal","P0019-0003","Tapa con Pincel","6000","6000","0","ok",""
"Principal","P0019-0014","Tapa con Pincel","12000","12000","0","ok",""
"Principal","P0019-0019","Tapa con Pincel","1500","1500","0","ok",""
"Principal","P0033-0002","Palillo con Cepillo","1184","1184","0","ok",""
"Principal","P0033-0003","Palillo con Cepillo","9000","9000","0","ok",""
"Principal","PIN-0002","Pincel","40500","40500","0","ok",""
"Principal","PIN-0009","Pincel","-8500","0","8500","solo_odoo",""
"Principal","PIN-0012","Pincel","60000","60000","0","ok",""
"Principal","PIN-0013","Pincel","3000","3000","0","ok",""
"Principal","PIN-0014","Pincel","5700","5700","0","ok",""
"Principal","PIN-0015","Pincel","1000","1000","0","ok",""
"Principal","STP-0018","Sobretapa","10000","10000","0","ok",""
"Principal","TPR-0008","Taparrosca","35100","35100","0","ok",""
"Principal","TPR-0030","Taparrosca","54000","54000","0","ok",""
"Principal","VAST-0005","Mango","18500","18500","0","ok",""
"Principal","VAST-0011","Mango","85000","85000","0","ok",""
"Principal","VST-0003","Vastago","20000","20000","0","ok",""
"Principal","VST-0005","Vastago","7350","7350","0","ok",""
"Revisión","CNI-0005","Cepillo Nylon","7000","7000","0","ok",""
"","","Cepillo Pino (nuevo, normal, negro, 5"")","","","","sin_mapear","cepillo sin variante (Pino Negro)"
"","","Tapa con Pincel (15, 25, normal, blanco, 33, negra)","","","","sin_mapear","sin variante"
"","","Sobretapa Con Vastago (10, 44, negro, normal, sin logo, 29, blanco, nylon)","2000","","","pendiente_subensamble",""
"","","Sobretapa Con Vastago (10, 44, negro, normal, sin logo, 70, negro, delineador)","22500","","","pendiente_subensamble",""
"","","Sobretapa Con Vastago (15, 40, cafe prosa, normal, sin logo, 60, negro, nylon)","3000","","","pendiente_subensamble",""
"","","Sobretapa Con Vastago (15, 40, lila, normal, sin logo, 82, negro, nylon)","1924","","","pendiente_subensamble",""
"","","Sobretapa Con Vastago (15, 40, naranja barradas, normal, sin logo, 82, transparente, nylon)","100","","","pendiente_subensamble",""
"","","Sobretapa Con Vastago (15, 40, negro, normal, sin logo, 82, negro, nylon)","1000","","","pendiente_subensamble",""
"","","Sobretapa Con Vastago y Cepillo (SVC) (10, 44, negro, normal, sin logo, 29, nuevo, blanco, recto, nylon, negra, 5)","2320","","","pendiente_subensamble",""
"","","Sobretapa Con Vastago y Cepillo (SVC) (15, 40, amarillo keratina, normal, sin logo, 82, nuevo, negro, bala, nylon, negra, 4)","200","","","pendiente_subensamble",""
"","","Sobretapa Con Vastago y Cepillo (SVC) (15, 40, azul cielo, normal, sin logo, 82, nuevo, negro, pino, nylon, negra, 5)","1382","","","pendiente_subensamble",""
"","","Sobretapa Con Vastago y Cepillo (SVC) (15, 40, cafe prosa, normal, sin logo, 60, nuevo, negro, pino, nylon, negra, 5)","832","","","pendiente_subensamble",""
"","","Sobretapa Con Vastago y Cepillo (SVC) (15, 40, fiusha, normal, sin logo, 82, nuevo, negro, bala, nylon, transparente, 5)","300","","","pendiente_subensamble",""
"","","Sobretapa Con Vastago y Cepillo (SVC) (15, 40, gris 134, normal, sin logo, 82, nuevo, negro, pino, nylon, negra, 5)","250","","","pendiente_subensamble",""
"","","Sobretapa Con Vastago y Cepillo (SVC) (15, 40, naranja barradas, normal, sin logo, 82, nuevo, negro, bala, nylon, negra, 4)","500","","","pendiente_subensamble",""
"","","Sobretapa Con Vastago y Cepillo (SVC) (15, 40, naranja barradas, normal, sin logo, 82, nuevo, negro, barril, silicon, NA, NA)","370","","","pendiente_subensamble",""
"","","Sobretapa Con Vastago y Cepillo (SVC) (15, 40, negro, normal, sin logo, 82, nuevo, negro, bala, nylon, negra, 4)","2802","","","pendiente_subensamble",""
"","","Sobretapa Con Vastago y Cepillo (SVC) (15, 40, negro, normal, sin logo, 82, nuevo, negro, balita, nylon, negra, 5)","210","","","pendiente_subensamble",""
"","","Sobretapa Con Vastago y Cepillo (SVC) (15, 40, negro, normal, sin logo, 82, nuevo, negro, cacahuate, nylon, negra, 5)","3000","","","pendiente_subensamble",""
"","","Sobretapa Con Vastago y Cepillo (SVC) (15, 40, rojo jorge diaz, normal, sin logo, 82, viejo, negro, bolita, silicon, NA, NA)","10000","","","pendiente_subensamble",""
"","","Sobretapa Con Vastago y Punta (SVP) (10, 44, blanco, normal, 74, negro, lip gloss)","50","","","pendiente_subensamble",""
"","","Sobretapa Con Vastago y Punta (SVP) (10, 44, negro, normal, 70, negro, delineador)","9100","","","pendiente_subensamble",""
"","","Tapa con Vastago Sin Rosca (13, 30, blanco, normal, 29, negro, chico, perforar)","1480","","","pendiente_subensamble",""
"","","Tapa con Vastago Sin Rosca (13, 30, blanco, normal, 35, blanco, chico, perforar)","1324","","","pendiente_subensamble",""
"","","Tapa con Vastago Sin Rosca (13, 30, negro, normal, 35, blanco, chico, perforar)","670","","","pendiente_subensamble",""
"","","Tapa con Vastago Sin Rosca (13, 44, blanco, normal, 21, blanco, chico, perforar)","280","","","pendiente_subensamble",""
"","","Tapa con Vastago Sin Rosca (13, 44, blanco, normal, 29, negro, chico, perforar)","454","","","pendiente_subensamble",""
"","","Tapa con Vastago Sin Rosca y Cepillo (15, 38, negro, normal, 62, negro, pino, nylon, negra, 5)","1101","","","pendiente_subensamble",""
"","","Tapa con Vastago Sin Rosca y Cepillo (15, 38, rojo, normal, 82, negro, pino, nylon, negra, 5)","1064","","","pendiente_subensamble",""
"","","Vastago con Cepillo (VC) (10, 82, normal, transparente, bala, nylon, transparente, 5)","500","","","pendiente_subensamble",""
"","","Vastago con Cepillo (VC) (15, 60, normal, negro, bala, nylon, negra, 5)","800","","","pendiente_subensamble",""
"","","Vastago con Cepillo (VC) (15, 60, normal, negro, pino, nylon, negra, 5.75)","13569","","","pendiente_subensamble",""
"","","Vastago con Cepillo (VC) (15, 82, casquillo, negro, bala, nylon, negra, 5)","1649","","","pendiente_subensamble",""
"","","Vastago con Cepillo (VC) (15, 82, casquillo, negro, pino, nylon, negra, 5)","900","","","pendiente_subensamble",""
"","","Vastago con Cepillo (VC) (15, 82, normal, negro, bala largo, nylon, negra, 5)","1059","","","pendiente_subensamble",""
"","","Vastago con Cepillo (VC) (15, 82, normal, negro, bala, nylon, negra, 5)","280","","","pendiente_subensamble",""
"","","Vastago con Cepillo (VC) (15, 82, normal, negro, balita, nylon, negra, 5)","33","","","pendiente_subensamble",""
"","","Vastago con Cepillo (VC) (15, 82, normal, negro, bolita, silicon, NA, NA)","3000","","","pendiente_subensamble",""
"","","Vastago con Cepillo (VC) (15, 82, normal, negro, cacahuate, nylon, negra, 5)","5118","","","pendiente_subensamble",""
"","","Vastago con Cepillo (VC) (15, 82, normal, negro, espiral, silicon, NA, NA)","1038","","","pendiente_subensamble",""
"","","Vastago con Cepillo (VC) (15, 82, normal, negro, pino, nylon, negra, 4)","7476","","","pendiente_subensamble",""
"","","Vastago con Cepillo (VC) (15, 82, normal, negro, pino, nylon, negra, 5)","3000","","","pendiente_subensamble",""
"","","Vastago con Cepillo (VC) (15, 82, normal, transparente, bala, nylon, negra, 5)","1500","","","pendiente_subensamble",""
"","","Vastago con Cepillo (VC) (15, 82, normal, transparente, pino, nylon, negra, 5)","100","","","pendiente_subensamble",""
"","","Vastago con Cepillo (VC) (15, 82, normal, transparente, pino, nylon, transparente, 4)","1987","","","pendiente_subensamble",""
"","","Vastago con Cepillo (VC) (15, 82, normal, transparente, pino, nylon, transparente, 5)","100","","","pendiente_subensamble",""
"","","Vastago con Cepillo (VC) (15, 82, sin rosca, negro, pino, nylon, negra, 5)","8057","","","pendiente_subensamble",""
"","","Vastago con Gloss (10, 43, normal, blanco)","5000","","","pendiente_subensamble",""
"","","Vastago con Punta (VP) (10, 70, normal, negro, delineador)","19866","","","pendiente_subensamble",""
